nombre,tipo,ciudad,barrio,link,Precio,Área,Baños,Habitaciones,Entrega,Parqueaderos,Estudio,cuarto_util
El Carmen Colonial,Apartamentos,El Carmen de Viboral,Campo Alegre,https://www.informeinmobiliario.com/apartamentos-venta-el-carmen-de-viboral-campo-alegre/proyecto/1153,186902100.0,51.0,2,2,2025 - 2026,No info,1,No info
Alerce,Apartamentos,Risaralda,Dosquebradas,https://www.informeinmobiliario.com/apartamentos-venta-risaralda-dosquebradas/proyecto/1507,167200000.0,40.0,1,2,No info,No info,No info,No info
Alerce,Apartamentos,Risaralda,Dosquebradas,https://www.informeinmobiliario.com/apartamentos-venta-risaralda-dosquebradas/proyecto/1507,1672000000.0,44.0,1,3,No info,No info,No info,No info
Tierra Linda Campestre,Apartamentos,Bello,Machado,https://www.informeinmobiliario.com/apartamentos-venta-bello-machado/proyecto/1510,162400000.0,43.0,1,2,No info,No info,No info,No info
Tierra Linda Campestre,Apartamentos,Bello,Machado,https://www.informeinmobiliario.com/apartamentos-venta-bello-machado/proyecto/1510,1624000000.0,61.0,2,3,No info,No info,No info,No info
Tierra Linda Campestre,Apartamentos,Bello,Machado,https://www.informeinmobiliario.com/apartamentos-venta-bello-machado/proyecto/1510,16240000000.0,61.0,2,3,No info,No info,No info,No info
Pino Azul,Apartamentos,Rionegro,V. Fontibon,https://www.informeinmobiliario.com/apartamentos-venta-rionegro-v-fontibon/proyecto/1213,165996000.0,51.0,2,3,2025,No info,No info,No info
Altua,Apartamentos,Yopal,,https://www.informeinmobiliario.com/apartamentos-venta-yopal/proyecto/1447,150800000.0,45.0,1,2,2023-2024,No info,No info,No info
Altua,Apartamentos,Yopal,,https://www.informeinmobiliario.com/apartamentos-venta-yopal/proyecto/1447,156600000.0,55.0,2,3,2023-2024,No info,No info,No info
Aires de Palermo,Apartamentos,Bogotá,,https://www.informeinmobiliario.com/apartamentos-venta-bogota/proyecto/1448,163328000.0,48.0,1,2,2025,No info,No info,No info
Aires de Palermo,Apartamentos,Bogotá,,https://www.informeinmobiliario.com/apartamentos-venta-bogota/proyecto/1448,178538000.0,50.0,2,3,2025,No info,No info,No info
Siembra,Apartamentos,Bello,Paris,https://www.informeinmobiliario.com/apartamentos-venta-bello-paris/proyecto/952,160425100.0,38.0,1,2,2025,No info,No info,No info
Siembra,Apartamentos,Bello,Paris,https://www.informeinmobiliario.com/apartamentos-venta-bello-paris/proyecto/952,1604251000.0,38.0,1,2,2025,No info,No info,No info
Nogales De Belverde,Apartamentos,Bello,Terrasol,https://www.informeinmobiliario.com/apartamentos-venta-bello-terrasol/proyecto/964,183000000.0,48.0,2,3,2025,No info,No info,No info
Nogales De Belverde,Apartamentos,Bello,Terrasol,https://www.informeinmobiliario.com/apartamentos-venta-bello-terrasol/proyecto/964,204800000.0,54.0,2,3,2025,No info,No info,No info
Nogales De Belverde,Apartamentos,Bello,Terrasol,https://www.informeinmobiliario.com/apartamentos-venta-bello-terrasol/proyecto/964,2048000000.0,54.0,2,3,2025,No info,No info,No info
Montpellier Apartasuites,Aparta Suites,Caldas,,https://www.informeinmobiliario.com/aparta-suites-venta-caldas/proyecto/1204,115700000.0,21.0,1,1,No info,No info,No info,No info
Montpellier Apartasuites,Aparta Suites,Caldas,,https://www.informeinmobiliario.com/aparta-suites-venta-caldas/proyecto/1204,1157000000.0,27.0,1,1,2025,No info,No info,No info
Montpellier Apartasuites,Aparta Suites,Caldas,,https://www.informeinmobiliario.com/aparta-suites-venta-caldas/proyecto/1204,11570000000.0,30.0,1,1,2025,No info,No info,No info
Montpellier Apartasuites,Aparta Suites,Caldas,,https://www.informeinmobiliario.com/aparta-suites-venta-caldas/proyecto/1204,115700000000.0,33.0,1,1,2025,No info,No info,No info
Portón Del Norte,Apartamentos,Copacabana,Loma Los Álvarez,https://www.informeinmobiliario.com/apartamentos-venta-copacabana-loma-los-alvarez/proyecto/998,212885600.0,68.0,2,3,Inmediata,1,No info,No info
Portón Del Norte,Apartamentos,Copacabana,Loma Los Álvarez,https://www.informeinmobiliario.com/apartamentos-venta-copacabana-loma-los-alvarez/proyecto/998,2128856000.0,70.0,2,3,Inmediata,1,No info,No info
Entrebosques,Apartamentos,Bello,Niquia,https://www.informeinmobiliario.com/apartamentos-venta-bello-niquia/proyecto/1256,194900000.0,54.0,2,3,2024 - 2025,No info,1,No info
Entrebosques,Apartamentos,Bello,Niquia,https://www.informeinmobiliario.com/apartamentos-venta-bello-niquia/proyecto/1256,1949000000.0,54.0,2,3,2024 - 2025,No info,1,No info
Entreprados,Apartamentos,San Antonio de Prado,,https://www.informeinmobiliario.com/apartamentos-venta-san-antonio-de-prado/proyecto/1047,188000000.0,49.0,1,2,2024 - 2025,No info,No info,No info
Entreprados,Apartamentos,San Antonio de Prado,,https://www.informeinmobiliario.com/apartamentos-venta-san-antonio-de-prado/proyecto/1047,1880000000.0,52.0,2,2,2024 - 2025,No info,No info,No info
Luna del Cerro,Apartamentos,Medellín,Robledo,https://www.informeinmobiliario.com/apartamentos-venta-medellin-robledo/proyecto/1315,210500000.0,51.0,2,3,2025,No info,No info,No info
Luna del Cerro,Apartamentos,Medellín,Robledo,https://www.informeinmobiliario.com/apartamentos-venta-medellin-robledo/proyecto/1315,2105000000.0,51.0,2,3,2025,No info,No info,No info
Vidanta,Apartamentos,Bello,Terrasol,https://www.informeinmobiliario.com/apartamentos-venta-bello-terrasol/proyecto/1114,191400000.0,57.0,2,3,Inmediata - 2024,No info,1,No info
Vidanta,Apartamentos,Bello,Terrasol,https://www.informeinmobiliario.com/apartamentos-venta-bello-terrasol/proyecto/1114,1914000000.0,58.0,2,3,Inmediata - 2024,No info,1,No info
Vidanta,Apartamentos,Bello,Terrasol,https://www.informeinmobiliario.com/apartamentos-venta-bello-terrasol/proyecto/1114,19140000000.0,58.0,2,3,Inmediata - 2024,No info,1,No info
Ferratore,Apartamentos,La Estrella,La Tablaza,https://www.informeinmobiliario.com/apartamentos-venta-la-estrella-la-tablaza/proyecto/1412,212000000.0,50.0,2,2,No info,No info,1,No info
Ferratore,Apartamentos,La Estrella,La Tablaza,https://www.informeinmobiliario.com/apartamentos-venta-la-estrella-la-tablaza/proyecto/1412,2120000000.0,50.0,2,2,No info,No info,1,No info
Fontanar,Apartamentos,Caldas,V. Primavera,https://www.informeinmobiliario.com/apartamentos-venta-caldas-v-primavera/proyecto/1429,218000000.0,50.0,2,2,2026,No info,1,No info
Fontanar,Apartamentos,Caldas,V. Primavera,https://www.informeinmobiliario.com/apartamentos-venta-caldas-v-primavera/proyecto/1429,2180000000.0,51.0,2,2,2026,No info,1,No info
Bantué,Apartamentos,La Estrella,Aldea,https://www.informeinmobiliario.com/apartamentos-venta-la-estrella-aldea/proyecto/1341,354900000.0,54.0,2,2,No info,No info,No info,No info
Bantué,Apartamentos,La Estrella,Aldea,https://www.informeinmobiliario.com/apartamentos-venta-la-estrella-aldea/proyecto/1341,3549000000.0,69.0,2,3,No info,No info,No info,No info
Bantué,Apartamentos,La Estrella,Aldea,https://www.informeinmobiliario.com/apartamentos-venta-la-estrella-aldea/proyecto/1341,35490000000.0,75.0,2,3,No info,No info,No info,No info
Bantué,Apartamentos,La Estrella,Aldea,https://www.informeinmobiliario.com/apartamentos-venta-la-estrella-aldea/proyecto/1341,354900000000.0,75.0,2,3,No info,No info,No info,No info
Herbario,Apartamentos,Itagüí,Sector Reservas,https://www.informeinmobiliario.com/apartamentos-venta-itagui-sector-reservas/proyecto/1037,359000000.0,57.0,2,2,2024 - 2025 - 2026,No info,No info,No info
Herbario,Apartamentos,Itagüí,Sector Reservas,https://www.informeinmobiliario.com/apartamentos-venta-itagui-sector-reservas/proyecto/1037,3590000000.0,60.0,2,2,2024 - 2025 - 2026,No info,No info,No info
Colina De Alcaravanes,Apartamentos,Marinilla,Alcaravanes,https://www.informeinmobiliario.com/apartamentos-venta-marinilla-alcaravanes/proyecto/757,361357000.0,55.0,2,3,2024,1,No info,No info
Colina De Alcaravanes,Apartamentos,Marinilla,Alcaravanes,https://www.informeinmobiliario.com/apartamentos-venta-marinilla-alcaravanes/proyecto/757,3613570000.0,55.0,2,3,2024,1,No info,No info
Distrito Plaza,Apartamentos,Bello,Fabricato,https://www.informeinmobiliario.com/apartamentos-venta-bello-fabricato/proyecto/1084,332400000.0,56.0,2,2,2025 - 2026,No info,No info,No info
Distrito Plaza,Apartamentos,Bello,Fabricato,https://www.informeinmobiliario.com/apartamentos-venta-bello-fabricato/proyecto/1084,3324000000.0,62.0,2,2,2025 - 2026,No info,No info,No info
Distrito Plaza,Apartamentos,Bello,Fabricato,https://www.informeinmobiliario.com/apartamentos-venta-bello-fabricato/proyecto/1084,33240000000.0,76.0,2,3,2025 - 2026,No info,No info,No info
Distrito Plaza,Apartamentos,Bello,Fabricato,https://www.informeinmobiliario.com/apartamentos-venta-bello-fabricato/proyecto/1084,332400000000.0,76.0,2,3,2025 - 2026,No info,No info,No info
Selvatica,Apartamentos,Sabaneta,Las Lomitas,https://www.informeinmobiliario.com/apartamentos-venta-sabaneta-las-lomitas/proyecto/920,307296290.0,52.0,2,2,2025,1,No info,No info
Selvatica,Apartamentos,Sabaneta,Las Lomitas,https://www.informeinmobiliario.com/apartamentos-venta-sabaneta-las-lomitas/proyecto/920,3072962900.0,54.0,2,2,2025,1,No info,No info
Selvatica,Apartamentos,Sabaneta,Las Lomitas,https://www.informeinmobiliario.com/apartamentos-venta-sabaneta-las-lomitas/proyecto/920,30729629000.0,62.0,2,3,2025,1,No info,No info
Selvatica,Apartamentos,Sabaneta,Las Lomitas,https://www.informeinmobiliario.com/apartamentos-venta-sabaneta-las-lomitas/proyecto/920,307296290000.0,72.0,2,3,2025,1,No info,No info
Selvatica,Apartamentos,Sabaneta,Las Lomitas,https://www.informeinmobiliario.com/apartamentos-venta-sabaneta-las-lomitas/proyecto/920,3072962900000.0,72.0,2,3,2025,1,No info,No info
Maple,Apartamentos,Risaralda,Dosquebradas,https://www.informeinmobiliario.com/apartamentos-venta-risaralda-dosquebradas/proyecto/1508,225000000.0,53.0,2,3,2025,1,No info,No info
Armonia,Apartamentos,Rionegro,V. Fontibon,https://www.informeinmobiliario.com/apartamentos-venta-rionegro-v-fontibon/proyecto/752,284235000.0,59.0,2,3,2023,1,1,No info
Armonia,Apartamentos,Rionegro,V. Fontibon,https://www.informeinmobiliario.com/apartamentos-venta-rionegro-v-fontibon/proyecto/752,293500000.0,62.0,2,3,2023,1,1,No info
Armonia,Apartamentos,Rionegro,V. Fontibon,https://www.informeinmobiliario.com/apartamentos-venta-rionegro-v-fontibon/proyecto/752,311154000.0,59.0,2,3,2024,1,1,No info
Armonia,Apartamentos,Rionegro,V. Fontibon,https://www.informeinmobiliario.com/apartamentos-venta-rionegro-v-fontibon/proyecto/752,321400000.0,62.0,2,3,2024,1,1,No info
Armonia,Apartamentos,Rionegro,V. Fontibon,https://www.informeinmobiliario.com/apartamentos-venta-rionegro-v-fontibon/proyecto/752,3214000000.0,62.0,2,3,2024,1,1,No info
Reserva San Lorenzo,Lotes,Caldas (Manizales),Viterbo,https://www.informeinmobiliario.com/lotes-venta-caldas-manizales-viterbo/proyecto/1506,241400000.0,1207.0,No info,No info,2024,No info,No info,No info
Reserva San Lorenzo,Lotes,Caldas (Manizales),Viterbo,https://www.informeinmobiliario.com/lotes-venta-caldas-manizales-viterbo/proyecto/1506,700400000.0,3502.0,No info,No info,2024,No info,No info,No info
Majagua,Apartamentos,Bello,Primavera,https://www.informeinmobiliario.com/apartamentos-venta-bello-primavera/proyecto/973,219400000.0,41.0,1,1,2027,No info,No info,No info
Majagua,Apartamentos,Bello,Primavera,https://www.informeinmobiliario.com/apartamentos-venta-bello-primavera/proyecto/973,2194000000.0,60.0,2,3,2027,No info,No info,No info
Solana,Apartamentos,Bello,Santa Ana,https://www.informeinmobiliario.com/apartamentos-venta-bello-santa-ana/proyecto/1214,229000000.0,50.0,2,2,No info,No info,1,No info
Awa,Apartamentos,Sabaneta,Ancón Sur,https://www.informeinmobiliario.com/apartamentos-venta-sabaneta-ancon-sur/proyecto/918,300513300.0,45.0,2,1,No info,1,No info,No info
Solana,Apartamentos,Bello,Santa Ana,https://www.informeinmobiliario.com/apartamentos-venta-bello-santa-ana/proyecto/1214,2290000000.0,51.0,2,2,No info,No info,1,No info
Solana,Apartamentos,Bello,Santa Ana,https://www.informeinmobiliario.com/apartamentos-venta-bello-santa-ana/proyecto/1214,22900000000.0,51.0,2,2,No info,No info,1,No info
Awa,Apartamentos,Sabaneta,Ancón Sur,https://www.informeinmobiliario.com/apartamentos-venta-sabaneta-ancon-sur/proyecto/918,3005133000.0,58.0,2,2,No info,1,No info,No info
Awa,Apartamentos,Sabaneta,Ancón Sur,https://www.informeinmobiliario.com/apartamentos-venta-sabaneta-ancon-sur/proyecto/918,30051330000.0,70.0,2,3,No info,1,1,No info
Awa,Apartamentos,Sabaneta,Ancón Sur,https://www.informeinmobiliario.com/apartamentos-venta-sabaneta-ancon-sur/proyecto/918,300513300000.0,70.0,2,3,No info,1,1,No info
Anaconas,Apartamentos,La Estrella,La Tablaza,https://www.informeinmobiliario.com/apartamentos-venta-la-estrella-la-tablaza/proyecto/1473,219000000.0,50.0,1,3,No info,No info,No info,No info
Anaconas,Apartamentos,La Estrella,La Tablaza,https://www.informeinmobiliario.com/apartamentos-venta-la-estrella-la-tablaza/proyecto/1473,2190000000.0,50.0,1,3,No info,No info,No info,No info
Natura Flex,Apartamentos,Sabaneta,Las Lomitas,https://www.informeinmobiliario.com/apartamentos-venta-sabaneta-las-lomitas/proyecto/1254,364200000.0,58.0,2,2,2025,1,No info,No info
Natura Flex,Apartamentos,Sabaneta,Las Lomitas,https://www.informeinmobiliario.com/apartamentos-venta-sabaneta-las-lomitas/proyecto/1254,3642000000.0,68.0,2,2,2025,1,1,No info
Natura Flex,Apartamentos,Sabaneta,Las Lomitas,https://www.informeinmobiliario.com/apartamentos-venta-sabaneta-las-lomitas/proyecto/1254,36420000000.0,75.0,2,2,2025,1,1,No info
Natura Flex,Apartamentos,Sabaneta,Las Lomitas,https://www.informeinmobiliario.com/apartamentos-venta-sabaneta-las-lomitas/proyecto/1254,364200000000.0,75.0,2,2,2025,1,1,No info
Yerbabuena,Lotes,El Retiro,Loma El Escobero,https://www.informeinmobiliario.com/lotes-venta-el-retiro-loma-el-escobero/proyecto/1109,738385000.0,2503.0,No info,No info,No info,No info,No info,No info
Natura Hills,Apartamentos,Sabaneta,Las Lomitas,https://www.informeinmobiliario.com/apartamentos-venta-sabaneta-las-lomitas/proyecto/1255,423844000.0,69.0,2,3,2025,1,1,No info
Natura Hills,Apartamentos,Sabaneta,Las Lomitas,https://www.informeinmobiliario.com/apartamentos-venta-sabaneta-las-lomitas/proyecto/1255,4238440000.0,84.0,2,2,2025,1,1,No info
Natura Hills,Apartamentos,Sabaneta,Las Lomitas,https://www.informeinmobiliario.com/apartamentos-venta-sabaneta-las-lomitas/proyecto/1255,42384400000.0,93.0,2,3,2025,1,1,No info
Natura Hills,Apartamentos,Sabaneta,Las Lomitas,https://www.informeinmobiliario.com/apartamentos-venta-sabaneta-las-lomitas/proyecto/1255,423844000000.0,93.0,2,3,2025,1,1,No info
Orión,Apartamentos,La Estrella,,https://www.informeinmobiliario.com/apartamentos-venta-la-estrella/proyecto/780,371000000.0,61.0,2,2,No info,1,No info,No info
Orión,Apartamentos,La Estrella,,https://www.informeinmobiliario.com/apartamentos-venta-la-estrella/proyecto/780,3710000000.0,70.0,2,3,No info,1,No info,No info
Orión,Apartamentos,La Estrella,,https://www.informeinmobiliario.com/apartamentos-venta-la-estrella/proyecto/780,37100000000.0,74.0,2,3,No info,1,No info,No info
Orión,Apartamentos,La Estrella,,https://www.informeinmobiliario.com/apartamentos-venta-la-estrella/proyecto/780,371000000000.0,78.0,2,3,No info,1,No info,No info
Orión,Apartamentos,La Estrella,,https://www.informeinmobiliario.com/apartamentos-venta-la-estrella/proyecto/780,3710000000000.0,78.0,2,3,No info,1,No info,No info
Alkalá,Casas,Santa Fe de Antioquia,,https://www.informeinmobiliario.com/casas-venta-santa-fe-de-antioquia/proyecto/1456,798000000.0,200.0,4,3,No info,2,No info,No info
Monte Sion,Apartamentos,Copacabana,Machado,https://www.informeinmobiliario.com/apartamentos-venta-copacabana-machado/proyecto/958,168200000.0,57.0,2,3,No info,No info,No info,No info
Vallejuelos,Apartamentos,La Unión,,https://www.informeinmobiliario.com/apartamentos-venta-la-union/proyecto/1321,167000000.0,54.0,2,3,No info,No info,No info,No info
Vallejuelos,Apartamentos,La Unión,,https://www.informeinmobiliario.com/apartamentos-venta-la-union/proyecto/1321,1670000000.0,58.0,2,3,No info,No info,1,No info
Villa del Bosque,Apartamentos,San Antonio de Prado,,https://www.informeinmobiliario.com/apartamentos-venta-san-antonio-de-prado/proyecto/1521,165000000.0,52.0,2,3,No info,No info,No info,No info
Vermonte,Apartamentos,Marinilla,,https://www.informeinmobiliario.com/apartamentos-venta-marinilla/proyecto/1276,166600000.0,39.0,1,2,No info,No info,No info,No info
Volare,Apartamentos,Caldas,,https://www.informeinmobiliario.com/apartamentos-venta-caldas/proyecto/159,168455200.0,43.0,2,2,No info,No info,No info,No info
Vermonte,Apartamentos,Marinilla,,https://www.informeinmobiliario.com/apartamentos-venta-marinilla/proyecto/1276,1666000000.0,50.0,2,3,No info,No info,No info,No info
Vermonte,Apartamentos,Marinilla,,https://www.informeinmobiliario.com/apartamentos-venta-marinilla/proyecto/1276,16660000000.0,50.0,2,3,No info,No info,No info,No info
Volare,Apartamentos,Caldas,,https://www.informeinmobiliario.com/apartamentos-venta-caldas/proyecto/159,1684552000.0,50.0,2,3,No info,No info,No info,No info
San Sebastian Lotes,Lotes,La Ceja,,https://www.informeinmobiliario.com/lotes-venta-la-ceja/proyecto/1018,162672552.0,63.0,No info,No info,No info,No info,No info,No info
Luna Del Mar,Apartamentos,Medellín,Robledo,https://www.informeinmobiliario.com/apartamentos-venta-medellin-robledo/proyecto/962,162400000.0,46.0,1,3,No info,No info,No info,No info
Luna Del Mar,Apartamentos,Medellín,Robledo,https://www.informeinmobiliario.com/apartamentos-venta-medellin-robledo/proyecto/962,1624000000.0,47.0,1,3,No info,No info,No info,No info
Luna Del Mar,Apartamentos,Medellín,Robledo,https://www.informeinmobiliario.com/apartamentos-venta-medellin-robledo/proyecto/962,16240000000.0,47.0,1,3,No info,No info,No info,No info
Kioto,Apartamentos,Envigado,Las Cometas,https://www.informeinmobiliario.com/apartamentos-venta-envigado-las-cometas/proyecto/1312,160000000.0,23.0,1,1,No info,1,No info,No info
Kioto,Apartamentos,Envigado,Las Cometas,https://www.informeinmobiliario.com/apartamentos-venta-envigado-las-cometas/proyecto/1312,1600000000.0,28.0,1,1,No info,1,No info,No info
Entre Montes,Apartamentos,Bello,,https://www.informeinmobiliario.com/apartamentos-venta-bello/proyecto/1409,142680000.0,37.0,1,2,No info,No info,No info,No info
Entre Montes,Apartamentos,Bello,,https://www.informeinmobiliario.com/apartamentos-venta-bello/proyecto/1409,1426800000.0,39.0,1,2,No info,No info,No info,No info
Chalets,Lotes,Sopetran,El Palmar,https://www.informeinmobiliario.com/lotes-venta-sopetran-el-palmar/proyecto/1468,110000000.0,400.0,No info,No info,No info,1,No info,No info
San Angel,Lotes,La Unión,,https://www.informeinmobiliario.com/lotes-venta-la-union/proyecto/1105,100000000.0,72.0,No info,No info,No info,No info,No info,No info
San Angel,Lotes,La Unión,,https://www.informeinmobiliario.com/lotes-venta-la-union/proyecto/1105,1000000000.0,85.0,No info,No info,No info,No info,No info,No info
Be Live,Aparta Suites,Medellín,El Poblado,https://www.informeinmobiliario.com/aparta-suites-venta-medellin-el-poblado/proyecto/1462,74950000.0,5.0,No info,No info,No info,No info,No info,No info
Altos de San José,Apartamentos,Marinilla,,https://www.informeinmobiliario.com/apartamentos-venta-marinilla/proyecto/1356,146740000.0,42.0,1,2,2024,No info,No info,No info
Be Live,Aparta Suites,Medellín,El Poblado,https://www.informeinmobiliario.com/aparta-suites-venta-medellin-el-poblado/proyecto/1462,466767000.0,33.0,1,1,No info,No info,No info,No info
Be Live,Aparta Suites,Medellín,El Poblado,https://www.informeinmobiliario.com/aparta-suites-venta-medellin-el-poblado/proyecto/1462,683708000.0,49.0,2,1,No info,No info,No info,No info
Be Live,Aparta Suites,Medellín,El Poblado,https://www.informeinmobiliario.com/aparta-suites-venta-medellin-el-poblado/proyecto/1462,751000000.0,54.0,2,1,No info,No info,No info,No info
Be Live,Aparta Suites,Medellín,El Poblado,https://www.informeinmobiliario.com/aparta-suites-venta-medellin-el-poblado/proyecto/1462,992491000.0,72.0,2,2,No info,No info,No info,No info
Altos de San José,Apartamentos,Marinilla,,https://www.informeinmobiliario.com/apartamentos-venta-marinilla/proyecto/1356,1467400000.0,42.0,1,2,2024,No info,No info,No info
Be Live,Aparta Suites,Medellín,El Poblado,https://www.informeinmobiliario.com/aparta-suites-venta-medellin-el-poblado/proyecto/1462,2083000000.0,148.0,3,2,No info,No info,No info,No info
Ryos,Apartamentos,Rionegro,V. Cimarronas (Rionegro),https://www.informeinmobiliario.com/apartamentos-venta-rionegro-v-cimarronas-rionegro/proyecto/1283,179000000.0,50.0,2,3,No info,No info,No info,No info
Aragua De Primavera,Apartamentos,Caldas,V. Primavera,https://www.informeinmobiliario.com/apartamentos-venta-caldas-v-primavera/proyecto/971,174000000.0,49.0,2,3,No info,No info,No info,No info
Luna Del Viento,Apartamentos,Medellín,Robledo,https://www.informeinmobiliario.com/apartamentos-venta-medellin-robledo/proyecto/970,174000000.0,51.0,2,3,No info,No info,No info,No info
Campura,Apartamentos,San Antonio de Prado,,https://www.informeinmobiliario.com/apartamentos-venta-san-antonio-de-prado/proyecto/1300,190170000.0,52.0,2,3,No info,No info,No info,No info
Manantial,Apartamentos,Rionegro,V. Abreo,https://www.informeinmobiliario.com/apartamentos-venta-rionegro-v-abreo/proyecto/1325,190755000.0,50.0,2,2,2026,No info,1,No info
Bosque Robledal,Apartamentos,Rionegro,,https://www.informeinmobiliario.com/apartamentos-venta-rionegro/proyecto/1279,190000000.0,49.0,1,2,No info,No info,1,No info
Bosque Robledal,Apartamentos,Rionegro,,https://www.informeinmobiliario.com/apartamentos-venta-rionegro/proyecto/1279,1900000000.0,53.0,2,3,No info,No info,1,No info
Entrecerros,Apartamentos,Bello,Niquia,https://www.informeinmobiliario.com/apartamentos-venta-bello-niquia/proyecto/1040,186800000.0,49.0,2,3,No info,No info,No info,No info
Flandes,Apartamentos,La Ceja,Payuco,https://www.informeinmobiliario.com/apartamentos-venta-la-ceja-payuco/proyecto/1320,186040000.0,49.0,1,2,No info,No info,No info,No info
Flandes,Apartamentos,La Ceja,Payuco,https://www.informeinmobiliario.com/apartamentos-venta-la-ceja-payuco/proyecto/1320,1860400000.0,52.0,1,3,No info,No info,No info,No info
Flandes,Apartamentos,La Ceja,Payuco,https://www.informeinmobiliario.com/apartamentos-venta-la-ceja-payuco/proyecto/1320,18604000000.0,52.0,1,3,No info,No info,No info,No info
Citrika,Apartamentos,Rionegro,V. Fontibon,https://www.informeinmobiliario.com/apartamentos-venta-rionegro-v-fontibon/proyecto/1206,184300000.0,48.0,2,3,No info,No info,No info,No info
Citrika,Apartamentos,Rionegro,V. Fontibon,https://www.informeinmobiliario.com/apartamentos-venta-rionegro-v-fontibon/proyecto/1206,1843000000.0,48.0,2,3,No info,No info,No info,No info
Naté,Apartamentos,Rionegro,V. Fontibon,https://www.informeinmobiliario.com/apartamentos-venta-rionegro-v-fontibon/proyecto/738,184300000.0,49.0,2,3,No info,No info,No info,No info
Trópico,Apartamentos,San Antonio de Prado,,https://www.informeinmobiliario.com/apartamentos-venta-san-antonio-de-prado/proyecto/959,183000000.0,45.0,2,2,No info,No info,No info,No info
Trópico,Apartamentos,San Antonio de Prado,,https://www.informeinmobiliario.com/apartamentos-venta-san-antonio-de-prado/proyecto/959,1830000000.0,47.0,1,2,No info,No info,1,No info
Néo,Apartamentos,Marinilla,La Dalia,https://www.informeinmobiliario.com/apartamentos-venta-marinilla-la-dalia/proyecto/1139,172260000.0,50.0,2,3,No info,No info,No info,No info
Néo,Apartamentos,Marinilla,La Dalia,https://www.informeinmobiliario.com/apartamentos-venta-marinilla-la-dalia/proyecto/1139,1722600000.0,50.0,2,3,No info,No info,No info,No info
Vallarta,Apartamentos,La Ceja,Payuco,https://www.informeinmobiliario.com/apartamentos-venta-la-ceja-payuco/proyecto/1293,179000000.0,49.0,2,3,2025-2026,No info,No info,No info
Vallarta,Apartamentos,La Ceja,Payuco,https://www.informeinmobiliario.com/apartamentos-venta-la-ceja-payuco/proyecto/1293,1790000000.0,49.0,2,3,2025-2026,No info,No info,No info
Living 97,Apartamentos,Medellín,,https://www.informeinmobiliario.com/apartamentos-venta-medellin/proyecto/1271,169730000.0,35.0,2,1,No info,No info,No info,No info
Living 97,Apartamentos,Medellín,,https://www.informeinmobiliario.com/apartamentos-venta-medellin/proyecto/1271,1697300000.0,39.0,2,1,No info,No info,No info,No info
Living 97,Apartamentos,Medellín,,https://www.informeinmobiliario.com/apartamentos-venta-medellin/proyecto/1271,16973000000.0,39.0,2,1,No info,No info,No info,No info
Rosales,Apartamentos,La Ceja,,https://www.informeinmobiliario.com/apartamentos-venta-la-ceja/proyecto/1461,170000000.0,57.0,2,3,No info,No info,No info,No info
Rosales,Apartamentos,La Ceja,,https://www.informeinmobiliario.com/apartamentos-venta-la-ceja/proyecto/1461,1700000000.0,57.0,2,3,No info,No info,No info,No info
Allegro,Apartamentos,Copacabana,Machado,https://www.informeinmobiliario.com/apartamentos-venta-copacabana-machado/proyecto/981,169360000.0,53.0,2,2,No info,No info,No info,No info
Natal,Apartamentos,La Estrella,Inmaculada 1,https://www.informeinmobiliario.com/apartamentos-venta-la-estrella-inmaculada-1/proyecto/1111,191853000.0,50.0,2,2,No info,1,No info,No info
Natal,Apartamentos,La Estrella,Inmaculada 1,https://www.informeinmobiliario.com/apartamentos-venta-la-estrella-inmaculada-1/proyecto/1111,1918530000.0,50.0,2,2,No info,1,No info,No info
Ciudadela San Miguel,Apartamentos,Caldas,V. La Raya,https://www.informeinmobiliario.com/apartamentos-venta-caldas-v-la-raya/proyecto/1159,203580020.0,50.0,2,2,2025-2026,No info,1,No info
Calasanz Reservado,Apartamentos,Medellín,Calasanz,https://www.informeinmobiliario.com/apartamentos-venta-medellin-calasanz/proyecto/1298,203345100.0,47.0,2,2,2026,No info,No info,No info
Solei,Apartamentos,Bello,Santa Ana,https://www.informeinmobiliario.com/apartamentos-venta-bello-santa-ana/proyecto/1129,202954000.0,52.0,2,3,No info,No info,No info,No info
Puerto Paraiso,Apartamentos,Bello,Santa Ana,https://www.informeinmobiliario.com/apartamentos-venta-bello-santa-ana/proyecto/990,201914000.0,54.0,2,3,No info,No info,1,No info
Plaza Kahuana,Apartamentos,Copacabana,Simón Bolívar,https://www.informeinmobiliario.com/apartamentos-venta-copacabana-simon-bolivar/proyecto/1308,201900000.0,54.0,2,3,2025-2026,No info,No info,No info
Plaza Kahuana,Apartamentos,Copacabana,Simón Bolívar,https://www.informeinmobiliario.com/apartamentos-venta-copacabana-simon-bolivar/proyecto/1308,2019000000.0,65.0,2,3,2025-2026,No info,No info,No info
Puerto Vallarta,Apartamentos,Bello,Santa Ana,https://www.informeinmobiliario.com/apartamentos-venta-bello-santa-ana/proyecto/1296,201700000.0,54.0,2,3,No info,No info,No info,No info
La Recoleta,Lotes,La Ceja,,https://www.informeinmobiliario.com/lotes-venta-la-ceja/proyecto/1512,200000000.0,62.0,No info,No info,No info,No info,No info,No info
La Recoleta,Lotes,La Ceja,,https://www.informeinmobiliario.com/lotes-venta-la-ceja/proyecto/1512,2000000000.0,62.0,No info,No info,No info,No info,No info,No info
Verdeventura,Apartamentos,Bello,Santa Ana,https://www.informeinmobiliario.com/apartamentos-venta-bello-santa-ana/proyecto/1383,199500000.0,52.0,2,2,No info,No info,1,No info
San Agustín,Apartamentos,Bello,Machado,https://www.informeinmobiliario.com/apartamentos-venta-bello-machado/proyecto/1335,201600000.0,49.0,2,3,No info,No info,No info,No info
El Bosque,Apartamentos,Bello,Primavera,https://www.informeinmobiliario.com/apartamentos-venta-bello-primavera/proyecto/1240,196500000.0,55.0,2,3,No info,No info,No info,No info
Mineratto,Apartamentos,Bello,Riachuelos,https://www.informeinmobiliario.com/apartamentos-venta-bello-riachuelos/proyecto/1358,196500000.0,51.0,2,2,2025,No info,1,No info
Parque Alto,Apartamentos,Bello,Primavera,https://www.informeinmobiliario.com/apartamentos-venta-bello-primavera/proyecto/961,196500000.0,54.0,2,3,No info,No info,No info,No info
Family Lotes,Lotes,El Carmen de Viboral,,https://www.informeinmobiliario.com/lotes-venta-el-carmen-de-viboral/proyecto/1195,194800000.0,72.0,No info,No info,No info,No info,No info,No info
Family Lotes,Lotes,El Carmen de Viboral,,https://www.informeinmobiliario.com/lotes-venta-el-carmen-de-viboral/proyecto/1195,1948000000.0,85.0,No info,No info,No info,No info,No info,No info
Family Lotes,Lotes,El Carmen de Viboral,,https://www.informeinmobiliario.com/lotes-venta-el-carmen-de-viboral/proyecto/1195,19480000000.0,85.0,No info,No info,No info,No info,No info,No info
Villa Gabriela,Apartamentos,San Antonio de Prado,,https://www.informeinmobiliario.com/apartamentos-venta-san-antonio-de-prado/proyecto/1122,193000000.0,48.0,2,2,No info,No info,No info,No info
Villa Gabriela,Apartamentos,San Antonio de Prado,,https://www.informeinmobiliario.com/apartamentos-venta-san-antonio-de-prado/proyecto/1122,1930000000.0,54.0,2,2,No info,No info,1,No info
Primitiv,Apartamentos,La Ceja,,https://www.informeinmobiliario.com/apartamentos-venta-la-ceja/proyecto/1085,205000000.0,51.0,2,2,No info,No info,No info,No info
Primitiv,Apartamentos,La Ceja,,https://www.informeinmobiliario.com/apartamentos-venta-la-ceja/proyecto/1085,2050000000.0,70.0,2,3,No info,No info,No info,No info
Primitiv,Apartamentos,La Ceja,,https://www.informeinmobiliario.com/apartamentos-venta-la-ceja/proyecto/1085,20500000000.0,74.0,2,3,No info,No info,No info,No info
Primitiv,Apartamentos,La Ceja,,https://www.informeinmobiliario.com/apartamentos-venta-la-ceja/proyecto/1085,205000000000.0,80.0,2,3,No info,No info,No info,No info
Primitiv,Apartamentos,La Ceja,,https://www.informeinmobiliario.com/apartamentos-venta-la-ceja/proyecto/1085,2050000000000.0,80.0,2,3,No info,No info,No info,No info
Fragua,Apartamentos,Bello,Terrasol,https://www.informeinmobiliario.com/apartamentos-venta-bello-terrasol/proyecto/1291,192500000.0,52.0,2,3,No info,No info,No info,No info
Jaggua,Apartamentos,Caldas,V. Primavera,https://www.informeinmobiliario.com/apartamentos-venta-caldas-v-primavera/proyecto/1137,204800000.0,49.0,2,3,No info,No info,No info,No info
Montiara,Apartamentos,Bello,Búcaros,https://www.informeinmobiliario.com/apartamentos-venta-bello-bucaros/proyecto/1230,203652000.0,51.0,2,2,No info,No info,1,No info
Rincón del Valle,Apartamentos,Medellín,Robledo,https://www.informeinmobiliario.com/apartamentos-venta-medellin-robledo/proyecto/1343,214000000.0,49.0,2,2,2026,No info,No info,No info
Anacaona,Apartamentos,Itagüí,El Rosario,https://www.informeinmobiliario.com/apartamentos-venta-itagui-el-rosario/proyecto/1069,212000000.0,55.0,2,2,No info,No info,1,No info
Arboleda de Sion,Apartamentos,Copacabana,Machado,https://www.informeinmobiliario.com/apartamentos-venta-copacabana-machado/proyecto/1310,213000000.0,55.0,2,3,2026,No info,No info,No info
Arboleda de Sion,Apartamentos,Copacabana,Machado,https://www.informeinmobiliario.com/apartamentos-venta-copacabana-machado/proyecto/1310,258020000.0,59.0,2,3,2026,No info,No info,No info
Solé,Apartamentos,Marinilla,La Dalia,https://www.informeinmobiliario.com/apartamentos-venta-marinilla-la-dalia/proyecto/1433,208435000.0,50.0,2,3,No info,No info,No info,No info
Solé,Apartamentos,Marinilla,La Dalia,https://www.informeinmobiliario.com/apartamentos-venta-marinilla-la-dalia/proyecto/1433,2084350000.0,50.0,2,3,No info,No info,No info,No info
Iroko,Apartamentos,Rionegro,V. Fontibon,https://www.informeinmobiliario.com/apartamentos-venta-rionegro-v-fontibon/proyecto/1430,208000000.0,50.0,2,2,No info,No info,1,No info
Tayrona,Apartamentos,Bello,Machado,https://www.informeinmobiliario.com/apartamentos-venta-bello-machado/proyecto/1336,208600000.0,54.0,2,3,No info,No info,1,No info
Entre Soles,Apartamentos,Bello,San Gabriel,https://www.informeinmobiliario.com/apartamentos-venta-bello-san-gabriel/proyecto/1432,206000000.0,56.0,2,3,Lanzamiento,No info,1,No info
Kaizen,Apartamentos,Rionegro,Nueva Vía al Tanque,https://www.informeinmobiliario.com/apartamentos-venta-rionegro-nueva-via-al-tanque/proyecto/1422,206000000.0,48.0,2,3,No info,No info,No info,No info
Panorama Boreal,Apartamentos,La Estrella,Tablaza,https://www.informeinmobiliario.com/apartamentos-venta-la-estrella-tablaza/proyecto/409,206712000.0,50.0,2,3,2025,No info,No info,No info
Panorama Boreal,Apartamentos,La Estrella,Tablaza,https://www.informeinmobiliario.com/apartamentos-venta-la-estrella-tablaza/proyecto/409,2067120000.0,50.0,2,3,2025,No info,No info,No info
Jardines Del Carmen,Lotes,El Carmen de Viboral,,https://www.informeinmobiliario.com/lotes-venta-el-carmen-de-viboral/proyecto/831,205260253.0,84.0,No info,No info,No info,No info,No info,No info
Jardines Del Carmen,Lotes,El Carmen de Viboral,,https://www.informeinmobiliario.com/lotes-venta-el-carmen-de-viboral/proyecto/831,2052602530.0,106.0,No info,No info,No info,No info,No info,No info
Jardines Del Carmen,Lotes,El Carmen de Viboral,,https://www.informeinmobiliario.com/lotes-venta-el-carmen-de-viboral/proyecto/831,20526025300.0,106.0,No info,No info,No info,No info,No info,No info
Sonatto,Apartamentos,Copacabana,Machado,https://www.informeinmobiliario.com/apartamentos-venta-copacabana-machado/proyecto/1306,205500000.0,55.0,2,2,No info,No info,No info,No info
Valle Celeste,Apartamentos,Carmen de Viboral,,https://www.informeinmobiliario.com/apartamentos-venta-carmen-de-viboral/proyecto/1511,205000000.0,53.0,2,2,No info,No info,No info,No info
Belaví,Apartamentos,Bello,Nortiko,https://www.informeinmobiliario.com/apartamentos-venta-bello-nortiko/proyecto/1288,217700000.0,52.0,2,3,No info,No info,No info,No info
Sendero Silvestre,Apartamentos,Bello,Navarra,https://www.informeinmobiliario.com/apartamentos-venta-bello-navarra/proyecto/976,203652000.0,55.0,2,3,No info,No info,No info,No info
Buenavista,Apartamentos,Sabaneta,María Auxiliadora,https://www.informeinmobiliario.com/apartamentos-venta-sabaneta-maria-auxiliadora/proyecto/983,216212400.0,55.0,2,2,No info,No info,1,No info
Wayra,Apartamentos,Bello,,https://www.informeinmobiliario.com/apartamentos-venta-bello/proyecto/1421,215000000.0,52.0,2,2,2026,No info,No info,No info
Azul,Apartamentos,Sabaneta,María Auxiliadora,https://www.informeinmobiliario.com/apartamentos-venta-sabaneta-maria-auxiliadora/proyecto/1495,245000000.0,55.0,2,2,2027,No info,1,No info
Azul,Apartamentos,Sabaneta,María Auxiliadora,https://www.informeinmobiliario.com/apartamentos-venta-sabaneta-maria-auxiliadora/proyecto/1495,2450000000.0,55.0,2,2,2027,No info,1,No info
Reserva Serrat Semillas,Apartamentos,Medellín,Calasanz,https://www.informeinmobiliario.com/apartamentos-venta-medellin-calasanz/proyecto/1481,243300000.0,50.0,2,2,No info,No info,1,No info
Reserva Serrat Semillas,Apartamentos,Medellín,Calasanz,https://www.informeinmobiliario.com/apartamentos-venta-medellin-calasanz/proyecto/1481,2433000000.0,50.0,2,2,No info,No info,1,No info
Pradera Real,Lotes,La Ceja,Nueva Circunvalar Sur,https://www.informeinmobiliario.com/lotes-venta-la-ceja-nueva-circunvalar-sur/proyecto/1316,242237000.0,104.0,No info,No info,No info,No info,No info,No info
Pradera Real,Lotes,La Ceja,Nueva Circunvalar Sur,https://www.informeinmobiliario.com/lotes-venta-la-ceja-nueva-circunvalar-sur/proyecto/1316,2422370000.0,104.0,No info,No info,No info,No info,No info,No info
Centro Empresarial Santa Maria,Oficinas,Apartadó,,https://www.informeinmobiliario.com/oficinas-venta-apartado/proyecto/1525,235925000.0,28.0,No info,No info,No info,No info,No info,No info
Puerto Madero,Apartamentos,San Antonio de Prado,,https://www.informeinmobiliario.com/apartamentos-venta-san-antonio-de-prado/proyecto/1253,229900000.0,78.0,2,3,No info,No info,1,No info
Jardines De La Colombiere,Lotes,La Ceja,,https://www.informeinmobiliario.com/lotes-venta-la-ceja/proyecto/830,235055513.0,91.0,No info,No info,No info,No info,No info,No info
Jardines De La Colombiere,Lotes,La Ceja,,https://www.informeinmobiliario.com/lotes-venta-la-ceja/proyecto/830,2350555130.0,91.0,No info,No info,No info,No info,No info,No info
Portal del Paraíso,Apartamentos,Sabaneta,María Auxiliadora,https://www.informeinmobiliario.com/apartamentos-venta-sabaneta-maria-auxiliadora/proyecto/1418,228019114.0,55.0,2,2,No info,No info,1,No info
Portal del Paraíso,Apartamentos,Sabaneta,María Auxiliadora,https://www.informeinmobiliario.com/apartamentos-venta-sabaneta-maria-auxiliadora/proyecto/1418,2280191140.0,55.0,2,2,No info,No info,1,No info
Zinia,Apartamentos,Medellín,Calasanz,https://www.informeinmobiliario.com/apartamentos-venta-medellin-calasanz/proyecto/1452,226000000.0,46.0,2,2,No info,No info,1,No info
Cerro Verde,Apartamentos,Bello,Terranova,https://www.informeinmobiliario.com/apartamentos-venta-bello-terranova/proyecto/1290,227400000.0,54.0,2,3,No info,No info,No info,No info
Ribero,Apartamentos,Copacabana,,https://www.informeinmobiliario.com/apartamentos-venta-copacabana/proyecto/1385,223119000.0,52.0,2,2,No info,No info,1,No info
Puerto Capri,Apartamentos,Bello,Santa Ana,https://www.informeinmobiliario.com/apartamentos-venta-bello-santa-ana/proyecto/1492,221000000.0,53.0,2,3,No info,No info,No info,No info
Sendero Silvestre 2,Apartamentos,Bello,Navarra,https://www.informeinmobiliario.com/apartamentos-venta-bello-navarra/proyecto/1128,217740000.0,54.0,2,3,No info,No info,No info,No info
Mazzú,Apartamentos,Caldas,V. Primavera,https://www.informeinmobiliario.com/apartamentos-venta-caldas-v-primavera/proyecto/1434,217700000.0,49.0,2,2,No info,No info,No info,No info
Verona,Apartamentos,La Ceja,,https://www.informeinmobiliario.com/apartamentos-venta-la-ceja/proyecto/1087,299090000.0,47.0,2,1,No info,1,No info,No info
Verona,Apartamentos,La Ceja,,https://www.informeinmobiliario.com/apartamentos-venta-la-ceja/proyecto/1087,2990900000.0,50.0,2,1,No info,1,No info,No info
Verona,Apartamentos,La Ceja,,https://www.informeinmobiliario.com/apartamentos-venta-la-ceja/proyecto/1087,29909000000.0,70.0,2,3,No info,1,No info,No info
Verona,Apartamentos,La Ceja,,https://www.informeinmobiliario.com/apartamentos-venta-la-ceja/proyecto/1087,299090000000.0,70.0,2,3,No info,1,No info,No info
Crista medical,Consultorios,Medellín,Estadio,https://www.informeinmobiliario.com/consultorios-venta-medellin-estadio/proyecto/1225,291290000.0,27.0,No info,No info,No info,1,No info,No info
Crista medical,Consultorios,Medellín,Estadio,https://www.informeinmobiliario.com/consultorios-venta-medellin-estadio/proyecto/1225,2912900000.0,46.0,No info,No info,2024,1,No info,No info
Crista medical,Consultorios,Medellín,Estadio,https://www.informeinmobiliario.com/consultorios-venta-medellin-estadio/proyecto/1225,29129000000.0,46.0,No info,No info,2024,1,No info,No info
Fiorenza,Apartamentos,Medellín,Calasanz,https://www.informeinmobiliario.com/apartamentos-venta-medellin-calasanz/proyecto/1000,283000000.0,50.0,2,3,No info,1,No info,No info
Fiorenza,Apartamentos,Medellín,Calasanz,https://www.informeinmobiliario.com/apartamentos-venta-medellin-calasanz/proyecto/1000,2830000000.0,58.0,2,3,No info,1,1,No info
Compostela,Lotes,La Ceja,,https://www.informeinmobiliario.com/lotes-venta-la-ceja/proyecto/1352,285681000.0,119.0,No info,No info,No info,No info,No info,No info
Compostela,Lotes,La Ceja,,https://www.informeinmobiliario.com/lotes-venta-la-ceja/proyecto/1352,2856810000.0,119.0,No info,No info,No info,No info,No info,No info
Almendra,Apartamentos,La Ceja,,https://www.informeinmobiliario.com/apartamentos-venta-la-ceja/proyecto/1414,281000000.0,61.0,2,3,2025,No info,No info,No info
Vibratto,Apartamentos,Copacabana,Machado,https://www.informeinmobiliario.com/apartamentos-venta-copacabana-machado/proyecto/1307,280900000.0,59.0,2,3,No info,1,1,No info
Vibratto,Apartamentos,Copacabana,Machado,https://www.informeinmobiliario.com/apartamentos-venta-copacabana-machado/proyecto/1307,2809000000.0,63.0,2,2,No info,1,1,No info
Vibratto,Apartamentos,Copacabana,Machado,https://www.informeinmobiliario.com/apartamentos-venta-copacabana-machado/proyecto/1307,28090000000.0,67.0,2,3,No info,1,1,No info
Flor De Loto,Apartamentos,Bello,Fabricato,https://www.informeinmobiliario.com/apartamentos-venta-bello-fabricato/proyecto/856,282504000.0,62.0,2,2,No info,No info,1,No info
Flor De Loto,Apartamentos,Bello,Fabricato,https://www.informeinmobiliario.com/apartamentos-venta-bello-fabricato/proyecto/856,2825040000.0,63.0,2,3,No info,No info,1,No info
Flor De Loto,Apartamentos,Bello,Fabricato,https://www.informeinmobiliario.com/apartamentos-venta-bello-fabricato/proyecto/856,28250400000.0,68.0,2,3,No info,No info,1,No info
Glanz Living,Suites,Rionegro,V. Quirama,https://www.informeinmobiliario.com/suites-venta-rionegro-v-quirama/proyecto/1435,277500000.0,36.0,1,1,No info,1,No info,No info
Glanz Living,Suites,Rionegro,V. Quirama,https://www.informeinmobiliario.com/suites-venta-rionegro-v-quirama/proyecto/1435,2775000000.0,51.0,2,2,No info,1,No info,No info
Glanz Living,Suites,Rionegro,V. Quirama,https://www.informeinmobiliario.com/suites-venta-rionegro-v-quirama/proyecto/1435,27750000000.0,59.0,2,2,No info,1,No info,No info
Aki,Apartamentos,Bello,Fabricato,https://www.informeinmobiliario.com/apartamentos-venta-bello-fabricato/proyecto/794,272542000.0,50.0,2,2,No info,No info,No info,No info
Aki,Apartamentos,Bello,Fabricato,https://www.informeinmobiliario.com/apartamentos-venta-bello-fabricato/proyecto/794,2725420000.0,61.0,2,2,No info,No info,No info,No info
Aki,Apartamentos,Bello,Fabricato,https://www.informeinmobiliario.com/apartamentos-venta-bello-fabricato/proyecto/794,27254200000.0,68.0,2,3,No info,No info,No info,No info
Aki,Apartamentos,Bello,Fabricato,https://www.informeinmobiliario.com/apartamentos-venta-bello-fabricato/proyecto/794,272542000000.0,71.0,2,3,2024 - 2026,No info,No info,No info
Ensenada,Apartamentos,Bello,Amazonía,https://www.informeinmobiliario.com/apartamentos-venta-bello-amazonia/proyecto/705,272300000.0,55.0,2,2,No info,No info,No info,No info
Ensenada,Apartamentos,Bello,Amazonía,https://www.informeinmobiliario.com/apartamentos-venta-bello-amazonia/proyecto/705,2723000000.0,63.0,2,3,No info,No info,No info,No info
Ensenada,Apartamentos,Bello,Amazonía,https://www.informeinmobiliario.com/apartamentos-venta-bello-amazonia/proyecto/705,27230000000.0,71.0,2,3,No info,No info,No info,No info
Organica,Lotes,La Ceja,,https://www.informeinmobiliario.com/lotes-venta-la-ceja/proyecto/1292,260000000.0,75.0,No info,No info,No info,No info,No info,No info
Organica,Lotes,La Ceja,,https://www.informeinmobiliario.com/lotes-venta-la-ceja/proyecto/1292,2600000000.0,75.0,No info,No info,No info,No info,No info,No info
Like Rooms,Suites,Medellín,Centro,https://www.informeinmobiliario.com/suites-venta-medellin-centro/proyecto/1475,263660000.0,28.0,1,1,No info,No info,No info,No info
Like Rooms,Suites,Medellín,Centro,https://www.informeinmobiliario.com/suites-venta-medellin-centro/proyecto/1475,2636600000.0,34.0,1,1,No info,No info,No info,No info
Tao,Apartamentos,Rionegro,Tranvía,https://www.informeinmobiliario.com/apartamentos-venta-rionegro-tranvia/proyecto/181,302423843.0,53.0,2,2,No info,1,1,No info
Tao,Apartamentos,Rionegro,Tranvía,https://www.informeinmobiliario.com/apartamentos-venta-rionegro-tranvia/proyecto/181,3024238430.0,60.0,2,2,No info,1,1,No info
Tao,Apartamentos,Rionegro,Tranvía,https://www.informeinmobiliario.com/apartamentos-venta-rionegro-tranvia/proyecto/181,30242384300.0,68.0,2,3,No info,1,1,No info
Lavore,Apartaestudios,Sabaneta,,https://www.informeinmobiliario.com/apartaestudios-venta-sabaneta/proyecto/1110,345153624.0,44.0,1,1,No info,1,1,No info
Canto Lotes,Lotes,Rionegro,San Antonio de Pereira,https://www.informeinmobiliario.com/lotes-venta-rionegro-san-antonio-de-pereira/proyecto/1248,345000000.0,108.0,No info,No info,No info,No info,No info,No info
Canto Lotes,Lotes,Rionegro,San Antonio de Pereira,https://www.informeinmobiliario.com/lotes-venta-rionegro-san-antonio-de-pereira/proyecto/1248,3450000000.0,148.0,No info,No info,No info,No info,No info,No info
Villacastín,Lotes,Rionegro,V. Quirama,https://www.informeinmobiliario.com/lotes-venta-rionegro-v-quirama/proyecto/1220,338000000.0,98.0,No info,No info,No info,No info,No info,No info
Esmeralda,Apartamentos,La Ceja,,https://www.informeinmobiliario.com/apartamentos-venta-la-ceja/proyecto/1319,333810000.0,47.0,2,1,No info,No info,No info,No info
Esmeralda,Apartamentos,La Ceja,,https://www.informeinmobiliario.com/apartamentos-venta-la-ceja/proyecto/1319,3338100000.0,62.0,2,2,No info,No info,1,No info
Esmeralda,Apartamentos,La Ceja,,https://www.informeinmobiliario.com/apartamentos-venta-la-ceja/proyecto/1319,33381000000.0,68.0,2,3,No info,No info,1,No info
Esmeralda,Apartamentos,La Ceja,,https://www.informeinmobiliario.com/apartamentos-venta-la-ceja/proyecto/1319,333810000000.0,71.0,2,3,No info,No info,1,No info
Esmeralda,Apartamentos,La Ceja,,https://www.informeinmobiliario.com/apartamentos-venta-la-ceja/proyecto/1319,3338100000000.0,71.0,2,3,No info,No info,1,No info
Ojo de Rio,Lotes,Puerto Triunfo,,https://www.informeinmobiliario.com/lotes-venta-puerto-triunfo/proyecto/1391,332525000.0,5000.0,No info,No info,No info,No info,No info,No info
Tirrena,Apartaestudios,Sabaneta,Loma de San Jose,https://www.informeinmobiliario.com/apartaestudios-venta-sabaneta-loma-de-san-jose/proyecto/1513,326000000.0,49.0,No info,1,No info,No info,No info,No info
Tirrena,Apartaestudios,Sabaneta,Loma de San Jose,https://www.informeinmobiliario.com/apartaestudios-venta-sabaneta-loma-de-san-jose/proyecto/1513,3260000000.0,63.0,No info,2,No info,No info,No info,No info
Tirrena,Apartaestudios,Sabaneta,Loma de San Jose,https://www.informeinmobiliario.com/apartaestudios-venta-sabaneta-loma-de-san-jose/proyecto/1513,32600000000.0,65.0,No info,3,No info,No info,No info,No info
Pradera La Argentina,Lotes,El Retiro,V. La Argentina,https://www.informeinmobiliario.com/lotes-venta-el-retiro-v-la-argentina/proyecto/1243,332000000.0,89.0,No info,No info,No info,No info,No info,No info
Pradera La Argentina,Lotes,El Retiro,V. La Argentina,https://www.informeinmobiliario.com/lotes-venta-el-retiro-v-la-argentina/proyecto/1243,3320000000.0,167.0,No info,No info,No info,No info,No info,No info
FaroVerde,Apartamentos,Medellín,Calasanz,https://www.informeinmobiliario.com/apartamentos-venta-medellin-calasanz/proyecto/859,319985000.0,61.0,2,2,No info,1,1,No info
FaroVerde,Apartamentos,Medellín,Calasanz,https://www.informeinmobiliario.com/apartamentos-venta-medellin-calasanz/proyecto/859,3199850000.0,65.0,2,2,No info,1,1,No info
FaroVerde,Apartamentos,Medellín,Calasanz,https://www.informeinmobiliario.com/apartamentos-venta-medellin-calasanz/proyecto/859,31998500000.0,71.0,2,2,No info,1,1,No info
Camino Del Viento,Apartamentos,Bello,Amazonía,https://www.informeinmobiliario.com/apartamentos-venta-bello-amazonia/proyecto/999,316700000.0,56.0,2,3,No info,No info,No info,No info
Camino Del Viento,Apartamentos,Bello,Amazonía,https://www.informeinmobiliario.com/apartamentos-venta-bello-amazonia/proyecto/999,3167000000.0,61.0,2,3,No info,No info,No info,No info
Bulevar Verde,Apartamentos,Itagüí,Los Gómez,https://www.informeinmobiliario.com/apartamentos-venta-itagui-los-gomez/proyecto/1116,314600000.0,63.0,2,3,No info,1,1,No info
Bulevar Verde,Apartamentos,Itagüí,Los Gómez,https://www.informeinmobiliario.com/apartamentos-venta-itagui-los-gomez/proyecto/1116,3146000000.0,68.0,2,3,No info,1,1,No info
Bulevar Verde,Apartamentos,Itagüí,Los Gómez,https://www.informeinmobiliario.com/apartamentos-venta-itagui-los-gomez/proyecto/1116,31460000000.0,68.0,2,3,No info,1,1,No info
Altos de Santana,Apartamentos,Rionegro,V. Ojo de Agua,https://www.informeinmobiliario.com/apartamentos-venta-rionegro-v-ojo-de-agua/proyecto/1148,345854000.0,58.0,2,2,No info,1,No info,No info
Altos de Santana,Apartamentos,Rionegro,V. Ojo de Agua,https://www.informeinmobiliario.com/apartamentos-venta-rionegro-v-ojo-de-agua/proyecto/1148,3458540000.0,64.0,2,3,2024,1,No info,No info
Altos de Santana,Apartamentos,Rionegro,V. Ojo de Agua,https://www.informeinmobiliario.com/apartamentos-venta-rionegro-v-ojo-de-agua/proyecto/1148,34585400000.0,66.0,2,3,2024,1,1,No info
Altos de Santana,Apartamentos,Rionegro,V. Ojo de Agua,https://www.informeinmobiliario.com/apartamentos-venta-rionegro-v-ojo-de-agua/proyecto/1148,345854000000.0,70.0,2,3,2024,1,1,No info
Altos de Santana,Apartamentos,Rionegro,V. Ojo de Agua,https://www.informeinmobiliario.com/apartamentos-venta-rionegro-v-ojo-de-agua/proyecto/1148,3458540000000.0,73.0,2,3,2024,1,1,No info
Altos de Santana,Apartamentos,Rionegro,V. Ojo de Agua,https://www.informeinmobiliario.com/apartamentos-venta-rionegro-v-ojo-de-agua/proyecto/1148,34585400000000.0,73.0,2,3,2024,1,1,No info
Retiro Silvestre,Lotes,El Retiro,,https://www.informeinmobiliario.com/lotes-venta-el-retiro/proyecto/1489,373000000.0,92.0,No info,No info,No info,No info,No info,No info
Century Tower,Apartamentos,Sabaneta,La Doctora,https://www.informeinmobiliario.com/apartamentos-venta-sabaneta-la-doctora/proyecto/989,365690000.0,48.0,1,1,No info,1,No info,No info
Century Tower,Apartamentos,Sabaneta,La Doctora,https://www.informeinmobiliario.com/apartamentos-venta-sabaneta-la-doctora/proyecto/989,3656900000.0,58.0,2,2,No info,1,No info,No info
Century Tower,Apartamentos,Sabaneta,La Doctora,https://www.informeinmobiliario.com/apartamentos-venta-sabaneta-la-doctora/proyecto/989,36569000000.0,61.0,2,2,2024,1,No info,No info
Century Tower,Apartamentos,Sabaneta,La Doctora,https://www.informeinmobiliario.com/apartamentos-venta-sabaneta-la-doctora/proyecto/989,365690000000.0,70.0,2,3,2024,1,No info,No info
Century Tower,Apartamentos,Sabaneta,La Doctora,https://www.informeinmobiliario.com/apartamentos-venta-sabaneta-la-doctora/proyecto/989,3656900000000.0,70.0,2,3,2024,1,No info,No info
Vitha,Consultorios,Medellín,Av. San Juan,https://www.informeinmobiliario.com/consultorios-venta-medellin-av-san-juan/proyecto/1095,364000000.0,29.0,No info,No info,No info,No info,No info,No info
Vitha,Consultorios,Medellín,Av. San Juan,https://www.informeinmobiliario.com/consultorios-venta-medellin-av-san-juan/proyecto/1095,3640000000.0,29.0,No info,No info,No info,No info,No info,No info
Reserva Serrat Selva,Apartamentos,Medellín,Calasanz,https://www.informeinmobiliario.com/apartamentos-venta-medellin-calasanz/proyecto/769,363900000.0,46.0,1,2,No info,1,No info,No info
Reserva Serrat Selva,Apartamentos,Medellín,Calasanz,https://www.informeinmobiliario.com/apartamentos-venta-medellin-calasanz/proyecto/769,3639000000.0,57.0,2,2,No info,1,No info,No info
Bahía Oasis Urbano,Apartamentos,Itagüí,Ditaires,https://www.informeinmobiliario.com/apartamentos-venta-itagui-ditaires/proyecto/1056,357400000.0,61.0,2,2,No info,No info,1,No info
Bahía Oasis Urbano,Apartamentos,Itagüí,Ditaires,https://www.informeinmobiliario.com/apartamentos-venta-itagui-ditaires/proyecto/1056,3574000000.0,69.0,2,3,No info,No info,1,No info
Bahía Oasis Urbano,Apartamentos,Itagüí,Ditaires,https://www.informeinmobiliario.com/apartamentos-venta-itagui-ditaires/proyecto/1056,35740000000.0,69.0,2,3,No info,No info,1,No info
Llanoazul,Casas,Girardota,,https://www.informeinmobiliario.com/casas-venta-girardota/proyecto/872,355000000.0,69.0,2,3,No info,1,1,No info
Llanoazul,Casas,Girardota,,https://www.informeinmobiliario.com/casas-venta-girardota/proyecto/872,3550000000.0,114.0,2,3,No info,1,1,No info
Kora,Lotes,Rionegro,V. Barro Blanco,https://www.informeinmobiliario.com/lotes-venta-rionegro-v-barro-blanco/proyecto/1097,349500000.0,98.0,No info,No info,No info,No info,No info,No info
Ciudadela Del Parque,Apartamentos,Itagüí,Centro de la Moda,https://www.informeinmobiliario.com/apartamentos-venta-itagui-centro-de-la-moda/proyecto/935,349100000.0,65.0,2,3,No info,1,1,No info
Ciudadela Del Parque,Apartamentos,Itagüí,Centro de la Moda,https://www.informeinmobiliario.com/apartamentos-venta-itagui-centro-de-la-moda/proyecto/935,3491000000.0,67.0,2,3,No info,1,1,No info
Ciudadela Del Parque,Apartamentos,Itagüí,Centro de la Moda,https://www.informeinmobiliario.com/apartamentos-venta-itagui-centro-de-la-moda/proyecto/935,34910000000.0,71.0,2,3,No info,1,1,No info
Ciudadela Del Parque,Apartamentos,Itagüí,Centro de la Moda,https://www.informeinmobiliario.com/apartamentos-venta-itagui-centro-de-la-moda/proyecto/935,349100000000.0,81.0,2,3,No info,1,1,No info
Ciudadela Del Parque,Apartamentos,Itagüí,Centro de la Moda,https://www.informeinmobiliario.com/apartamentos-venta-itagui-centro-de-la-moda/proyecto/935,3491000000000.0,81.0,2,3,No info,1,1,No info
Metropolitan Salud,Consultorios,Medellín,El Poblado,https://www.informeinmobiliario.com/consultorios-venta-medellin-el-poblado/proyecto/1282,348000000.0,29.0,No info,No info,No info,1,No info,No info
Metropolitan Salud,Consultorios,Medellín,El Poblado,https://www.informeinmobiliario.com/consultorios-venta-medellin-el-poblado/proyecto/1282,3480000000.0,48.0,No info,No info,No info,758,No info,No info
Metropolitan Salud,Consultorios,Medellín,El Poblado,https://www.informeinmobiliario.com/consultorios-venta-medellin-el-poblado/proyecto/1282,34800000000.0,48.0,No info,No info,No info,758,No info,No info
Núvica Lotes,Lotes,Rionegro,V. Quirama,https://www.informeinmobiliario.com/lotes-venta-rionegro-v-quirama/proyecto/1218,349000000.0,98.0,No info,No info,No info,No info,No info,No info
Aluna,Lotes,Marinilla,,https://www.informeinmobiliario.com/lotes-venta-marinilla/proyecto/1425,377860212.0,2500.0,No info,No info,No info,No info,No info,No info
Céntrika,Apartamentos,Medellín,Centro,https://www.informeinmobiliario.com/apartamentos-venta-medellin-centro/proyecto/1502,400060000.0,71.0,2,2,No info,1,No info,No info
Céntrika,Apartamentos,Medellín,Centro,https://www.informeinmobiliario.com/apartamentos-venta-medellin-centro/proyecto/1502,4000600000.0,78.0,2,3,No info,1,1,No info
Wood,Apartamentos,El Retiro,V. Pantanillo (El Retiro),https://www.informeinmobiliario.com/apartamentos-venta-el-retiro-v-pantanillo-el-retiro/proyecto/1203,396500000.0,50.0,1,1,No info,1,No info,No info
Wood,Apartamentos,El Retiro,V. Pantanillo (El Retiro),https://www.informeinmobiliario.com/apartamentos-venta-el-retiro-v-pantanillo-el-retiro/proyecto/1203,3965000000.0,50.0,2,2,No info,1,No info,No info
Wood,Apartamentos,El Retiro,V. Pantanillo (El Retiro),https://www.informeinmobiliario.com/apartamentos-venta-el-retiro-v-pantanillo-el-retiro/proyecto/1203,39650000000.0,50.0,2,2,No info,1,No info,No info
Cambulo,Apartamentos,Rionegro,V. Barro Blanco,https://www.informeinmobiliario.com/apartamentos-venta-rionegro-v-barro-blanco/proyecto/1038,392980000.0,59.0,2,2,No info,No info,No info,No info
Cambulo,Apartamentos,Rionegro,V. Barro Blanco,https://www.informeinmobiliario.com/apartamentos-venta-rionegro-v-barro-blanco/proyecto/1038,3929800000.0,62.0,2,2,No info,No info,No info,No info
Cambulo,Apartamentos,Rionegro,V. Barro Blanco,https://www.informeinmobiliario.com/apartamentos-venta-rionegro-v-barro-blanco/proyecto/1038,39298000000.0,69.0,3,2,No info,No info,No info,No info
Cambulo,Apartamentos,Rionegro,V. Barro Blanco,https://www.informeinmobiliario.com/apartamentos-venta-rionegro-v-barro-blanco/proyecto/1038,392980000000.0,75.0,2,2,No info,No info,No info,No info
Cambulo,Apartamentos,Rionegro,V. Barro Blanco,https://www.informeinmobiliario.com/apartamentos-venta-rionegro-v-barro-blanco/proyecto/1038,3929800000000.0,75.0,2,2,No info,No info,No info,No info
Ecoh,Apartamentos,Sabaneta,Loma de San Jose,https://www.informeinmobiliario.com/apartamentos-venta-sabaneta-loma-de-san-jose/proyecto/868,391000000.0,55.0,2,2,No info,No info,No info,No info
Yarumo,Apartamentos,Rionegro,V. Barro Blanco,https://www.informeinmobiliario.com/apartamentos-venta-rionegro-v-barro-blanco/proyecto/1245,393600000.0,53.0,2,1,No info,No info,No info,No info
Ecoh,Apartamentos,Sabaneta,Loma de San Jose,https://www.informeinmobiliario.com/apartamentos-venta-sabaneta-loma-de-san-jose/proyecto/868,3910000000.0,62.0,2,3,No info,No info,No info,No info
Ecoh,Apartamentos,Sabaneta,Loma de San Jose,https://www.informeinmobiliario.com/apartamentos-venta-sabaneta-loma-de-san-jose/proyecto/868,39100000000.0,71.0,2,3,No info,No info,No info,No info
Ecoh,Apartamentos,Sabaneta,Loma de San Jose,https://www.informeinmobiliario.com/apartamentos-venta-sabaneta-loma-de-san-jose/proyecto/868,391000000000.0,71.0,2,3,No info,No info,No info,No info
Reserva Serrat Origen,Apartamentos,Medellín,Calasanz,https://www.informeinmobiliario.com/apartamentos-venta-medellin-calasanz/proyecto/891,389234000.0,62.0,2,3,No info,1,No info,No info
Reserva Serrat Origen,Apartamentos,Medellín,Calasanz,https://www.informeinmobiliario.com/apartamentos-venta-medellin-calasanz/proyecto/891,3892340000.0,62.0,2,3,No info,1,No info,No info
Entre Aires,Apartamentos,Sabaneta,,https://www.informeinmobiliario.com/apartamentos-venta-sabaneta/proyecto/1299,385000000.0,55.0,2,2,2025,1,No info,No info
Entre Aires,Apartamentos,Sabaneta,,https://www.informeinmobiliario.com/apartamentos-venta-sabaneta/proyecto/1299,3850000000.0,70.0,2,2,2025,1,1,No info
Entre Aires,Apartamentos,Sabaneta,,https://www.informeinmobiliario.com/apartamentos-venta-sabaneta/proyecto/1299,38500000000.0,70.0,2,2,2025,1,1,No info
Pacifica,Apartamentos,Itagüí,Ditaires,https://www.informeinmobiliario.com/apartamentos-venta-itagui-ditaires/proyecto/1044,380900000.0,61.0,2,3,No info,No info,No info,No info
Pacifica,Apartamentos,Itagüí,Ditaires,https://www.informeinmobiliario.com/apartamentos-venta-itagui-ditaires/proyecto/1044,3809000000.0,65.0,2,3,No info,No info,No info,No info
Pacifica,Apartamentos,Itagüí,Ditaires,https://www.informeinmobiliario.com/apartamentos-venta-itagui-ditaires/proyecto/1044,38090000000.0,67.0,2,3,No info,No info,No info,No info
Pacifica,Apartamentos,Itagüí,Ditaires,https://www.informeinmobiliario.com/apartamentos-venta-itagui-ditaires/proyecto/1044,380900000000.0,67.0,2,3,No info,No info,No info,No info
La Fontana,Lotes,Llanogrande,,https://www.informeinmobiliario.com/lotes-venta-llanogrande/proyecto/1170,402226208.0,117.0,No info,No info,No info,No info,No info,No info
Vivante,Lotes,Llanogrande,Sector Gualanday,https://www.informeinmobiliario.com/lotes-venta-llanogrande-sector-gualanday/proyecto/1347,455000000.0,109.0,No info,No info,No info,No info,No info,No info
Terrah,Apartamentos,Sabaneta,Loma de San Jose,https://www.informeinmobiliario.com/apartamentos-venta-sabaneta-loma-de-san-jose/proyecto/1023,455000000.0,72.0,2,2,No info,No info,No info,No info
Terrah,Apartamentos,Sabaneta,Loma de San Jose,https://www.informeinmobiliario.com/apartamentos-venta-sabaneta-loma-de-san-jose/proyecto/1023,4550000000.0,75.0,2,3,No info,No info,No info,No info
Terrah,Apartamentos,Sabaneta,Loma de San Jose,https://www.informeinmobiliario.com/apartamentos-venta-sabaneta-loma-de-san-jose/proyecto/1023,45500000000.0,79.0,2,3,No info,No info,No info,No info
Terrah,Apartamentos,Sabaneta,Loma de San Jose,https://www.informeinmobiliario.com/apartamentos-venta-sabaneta-loma-de-san-jose/proyecto/1023,455000000000.0,88.0,2,3,No info,No info,No info,No info
Terrah,Apartamentos,Sabaneta,Loma de San Jose,https://www.informeinmobiliario.com/apartamentos-venta-sabaneta-loma-de-san-jose/proyecto/1023,4550000000000.0,88.0,2,3,No info,No info,No info,No info
Park City,Apartamentos,Rionegro,El Porvenir,https://www.informeinmobiliario.com/apartamentos-venta-rionegro-el-porvenir/proyecto/1453,447000000.0,52.0,2,1,2026,1,No info,No info
Park City,Apartamentos,Rionegro,El Porvenir,https://www.informeinmobiliario.com/apartamentos-venta-rionegro-el-porvenir/proyecto/1453,4470000000.0,60.0,2,2,2026,1,No info,No info
Park City,Apartamentos,Rionegro,El Porvenir,https://www.informeinmobiliario.com/apartamentos-venta-rionegro-el-porvenir/proyecto/1453,44700000000.0,65.0,3,2,2026,1,No info,No info
Park City,Apartamentos,Rionegro,El Porvenir,https://www.informeinmobiliario.com/apartamentos-venta-rionegro-el-porvenir/proyecto/1453,447000000000.0,70.0,3,2,2026,1,No info,No info
Park City,Apartamentos,Rionegro,El Porvenir,https://www.informeinmobiliario.com/apartamentos-venta-rionegro-el-porvenir/proyecto/1453,4470000000000.0,76.0,3,3,2026,1,No info,No info
Park City,Apartamentos,Rionegro,El Porvenir,https://www.informeinmobiliario.com/apartamentos-venta-rionegro-el-porvenir/proyecto/1453,44700000000000.0,85.0,3,3,2026,1,No info,No info
Zanetti,Apartamentos,Itagüí,Sector Las Chimeneas,https://www.informeinmobiliario.com/apartamentos-venta-itagui-sector-las-chimeneas/proyecto/884,421200000.0,64.0,2,3,No info,No info,No info,No info
Zanetti,Apartamentos,Itagüí,Sector Las Chimeneas,https://www.informeinmobiliario.com/apartamentos-venta-itagui-sector-las-chimeneas/proyecto/884,4212000000.0,69.0,2,3,No info,No info,1,No info
Zanetti,Apartamentos,Itagüí,Sector Las Chimeneas,https://www.informeinmobiliario.com/apartamentos-venta-itagui-sector-las-chimeneas/proyecto/884,42120000000.0,77.0,2,3,No info,No info,1,No info
Zanetti,Apartamentos,Itagüí,Sector Las Chimeneas,https://www.informeinmobiliario.com/apartamentos-venta-itagui-sector-las-chimeneas/proyecto/884,421200000000.0,77.0,2,3,No info,No info,1,No info
El Rosal,Apartamentos,Medellín,Calasanz,https://www.informeinmobiliario.com/apartamentos-venta-medellin-calasanz/proyecto/221,412200000.0,71.0,2,3,2023,1,1,No info
El Rosal,Apartamentos,Medellín,Calasanz,https://www.informeinmobiliario.com/apartamentos-venta-medellin-calasanz/proyecto/221,4122000000.0,71.0,2,3,2023,1,1,No info
Citadela Di Sole,Apartamentos,Santa Fe de Antioquia,,https://www.informeinmobiliario.com/apartamentos-venta-santa-fe-de-antioquia/proyecto/857,409011000.0,56.0,2,1,No info,1,No info,No info
Citadela Di Sole,Apartamentos,Santa Fe de Antioquia,,https://www.informeinmobiliario.com/apartamentos-venta-santa-fe-de-antioquia/proyecto/857,4090110000.0,76.0,3,2,No info,1,No info,No info
Citadela Di Sole,Apartamentos,Santa Fe de Antioquia,,https://www.informeinmobiliario.com/apartamentos-venta-santa-fe-de-antioquia/proyecto/857,40901100000.0,115.0,3,2,No info,1,No info,No info
Nido,Apartamentos,Sabaneta,V. Pan de Azúcar,https://www.informeinmobiliario.com/apartamentos-venta-sabaneta-v-pan-de-azucar/proyecto/886,410900000.0,62.0,2,2,No info,1,No info,No info
Nido,Apartamentos,Sabaneta,V. Pan de Azúcar,https://www.informeinmobiliario.com/apartamentos-venta-sabaneta-v-pan-de-azucar/proyecto/886,4109000000.0,75.0,2,3,No info,1,No info,No info
Nido,Apartamentos,Sabaneta,V. Pan de Azúcar,https://www.informeinmobiliario.com/apartamentos-venta-sabaneta-v-pan-de-azucar/proyecto/886,41090000000.0,77.0,2,3,No info,1,No info,No info
Nido,Apartamentos,Sabaneta,V. Pan de Azúcar,https://www.informeinmobiliario.com/apartamentos-venta-sabaneta-v-pan-de-azucar/proyecto/886,410900000000.0,77.0,2,3,No info,1,No info,No info
Reserva Alfar,Lotes,El Carmen de Viboral,V. El Canadá,https://www.informeinmobiliario.com/lotes-venta-el-carmen-de-viboral-v-el-canada/proyecto/1353,466121000.0,1486.0,No info,No info,No info,No info,No info,No info
Reserva Alfar,Lotes,El Carmen de Viboral,V. El Canadá,https://www.informeinmobiliario.com/lotes-venta-el-carmen-de-viboral-v-el-canada/proyecto/1353,4661210000.0,1486.0,No info,No info,No info,No info,No info,No info
Curubal,Apartamentos,Envigado,El Trianón,https://www.informeinmobiliario.com/apartamentos-venta-envigado-el-trianon/proyecto/1269,484188000.0,67.0,2,3,2024-2025,No info,No info,No info
Curubal,Apartamentos,Envigado,El Trianón,https://www.informeinmobiliario.com/apartamentos-venta-envigado-el-trianon/proyecto/1269,606804000.0,84.0,2,3,2024-2025,No info,No info,No info
Curubal,Apartamentos,Envigado,El Trianón,https://www.informeinmobiliario.com/apartamentos-venta-envigado-el-trianon/proyecto/1269,720180000.0,90.0,2,3,2025,No info,No info,No info
Vitha,Locales,Medellín,Av. San Juan,https://www.informeinmobiliario.com/locales-venta-medellin-av-san-juan/proyecto/1012,480000000.0,31.0,No info,No info,No info,No info,No info,No info
Manzanal,Apartamentos,Envigado,El Trianón,https://www.informeinmobiliario.com/apartamentos-venta-envigado-el-trianon/proyecto/1272,475128000.0,66.0,2,2,2023,No info,No info,No info
Manzanal,Apartamentos,Envigado,El Trianón,https://www.informeinmobiliario.com/apartamentos-venta-envigado-el-trianon/proyecto/1272,4751280000.0,82.0,2,3,2023,No info,No info,No info
Manzanal,Apartamentos,Envigado,El Trianón,https://www.informeinmobiliario.com/apartamentos-venta-envigado-el-trianon/proyecto/1272,47512800000.0,94.0,2,3,2023,No info,No info,No info
Colonia,Apartamentos,Medellín,Belén Rodeo Alto,https://www.informeinmobiliario.com/apartamentos-venta-medellin-belen-rodeo-alto/proyecto/1470,473000000.0,67.0,2,2,2026,No info,No info,No info
Colonia,Apartamentos,Medellín,Belén Rodeo Alto,https://www.informeinmobiliario.com/apartamentos-venta-medellin-belen-rodeo-alto/proyecto/1470,4730000000.0,81.0,2,3,2026,No info,1,No info
Colonia,Apartamentos,Medellín,Belén Rodeo Alto,https://www.informeinmobiliario.com/apartamentos-venta-medellin-belen-rodeo-alto/proyecto/1470,47300000000.0,85.0,2,3,2026,No info,1,No info
Colonia,Apartamentos,Medellín,Belén Rodeo Alto,https://www.informeinmobiliario.com/apartamentos-venta-medellin-belen-rodeo-alto/proyecto/1470,473000000000.0,92.0,2,3,2026,No info,1,No info
Bosques de la Fontana,Apartamentos,Llanogrande,Sector Gualanday,https://www.informeinmobiliario.com/apartamentos-venta-llanogrande-sector-gualanday/proyecto/1458,469577713.0,57.0,2,2,No info,No info,No info,No info
Bosques de la Fontana,Apartamentos,Llanogrande,Sector Gualanday,https://www.informeinmobiliario.com/apartamentos-venta-llanogrande-sector-gualanday/proyecto/1458,4695777130.0,71.0,3,2,No info,No info,No info,No info
Bosques de la Fontana,Apartamentos,Llanogrande,Sector Gualanday,https://www.informeinmobiliario.com/apartamentos-venta-llanogrande-sector-gualanday/proyecto/1458,46957771300.0,82.0,2,3,No info,No info,1,No info
Verde Campiña,Lotes,La Ceja,Corredor San Antonio - La Ceja (La Ceja),https://www.informeinmobiliario.com/lotes-venta-la-ceja-corredor-san-antonio-la-ceja-la-ceja/proyecto/1130,464000000.0,1500.0,No info,No info,No info,No info,No info,No info
Verde Campiña,Lotes,La Ceja,Corredor San Antonio - La Ceja (La Ceja),https://www.informeinmobiliario.com/lotes-venta-la-ceja-corredor-san-antonio-la-ceja-la-ceja/proyecto/1130,4640000000.0,3900.0,No info,No info,No info,No info,No info,No info
Verde Campiña,Lotes,La Ceja,Corredor San Antonio - La Ceja (La Ceja),https://www.informeinmobiliario.com/lotes-venta-la-ceja-corredor-san-antonio-la-ceja-la-ceja/proyecto/1130,46400000000.0,3900.0,No info,No info,No info,No info,No info,No info
Boske Campestre Aptos,Apartamentos,Rionegro,San Antonio de Pereira,https://www.informeinmobiliario.com/apartamentos-venta-rionegro-san-antonio-de-pereira/proyecto/1246,456456000.0,53.0,2,1,No info,1,No info,No info
Ciudad Del Bosque Menta,Apartamentos,Sabaneta,Asdesillas,https://www.informeinmobiliario.com/apartamentos-venta-sabaneta-asdesillas/proyecto/727,509932150.0,64.0,2,2,2025,1,1,No info
Ciudad Del Bosque Menta,Apartamentos,Sabaneta,Asdesillas,https://www.informeinmobiliario.com/apartamentos-venta-sabaneta-asdesillas/proyecto/727,5099321500.0,65.0,2,2,2025,1,1,No info
Ciudad Del Bosque Menta,Apartamentos,Sabaneta,Asdesillas,https://www.informeinmobiliario.com/apartamentos-venta-sabaneta-asdesillas/proyecto/727,50993215000.0,76.0,2,3,2025,1,1,No info
Ciudad Del Bosque Menta,Apartamentos,Sabaneta,Asdesillas,https://www.informeinmobiliario.com/apartamentos-venta-sabaneta-asdesillas/proyecto/727,509932150000.0,77.0,2,3,2025,1,1,No info
Ciudad Del Bosque Menta,Apartamentos,Sabaneta,Asdesillas,https://www.informeinmobiliario.com/apartamentos-venta-sabaneta-asdesillas/proyecto/727,5099321500000.0,80.0,2,3,2025,1,1,No info
Ciudad Del Bosque Menta,Apartamentos,Sabaneta,Asdesillas,https://www.informeinmobiliario.com/apartamentos-venta-sabaneta-asdesillas/proyecto/727,50993215000000.0,87.0,2,3,2025,1,1,No info
Civita,Apartamentos,Envigado,Sector Mayorca,https://www.informeinmobiliario.com/apartamentos-venta-envigado-sector-mayorca/proyecto/1064,509050000.0,60.0,2,2,No info,No info,1,No info
Civita,Apartamentos,Envigado,Sector Mayorca,https://www.informeinmobiliario.com/apartamentos-venta-envigado-sector-mayorca/proyecto/1064,5090500000.0,75.0,2,2,No info,No info,1,No info
Civita,Apartamentos,Envigado,Sector Mayorca,https://www.informeinmobiliario.com/apartamentos-venta-envigado-sector-mayorca/proyecto/1064,50905000000.0,86.0,2,3,No info,No info,1,No info
Civita,Apartamentos,Envigado,Sector Mayorca,https://www.informeinmobiliario.com/apartamentos-venta-envigado-sector-mayorca/proyecto/1064,509050000000.0,89.0,2,3,No info,No info,1,No info
Allegra,Apartamentos,Rionegro,V. Barro Blanco,https://www.informeinmobiliario.com/apartamentos-venta-rionegro-v-barro-blanco/proyecto/1382,524000000.0,65.0,2,2,No info,No info,No info,No info
Allegra,Apartamentos,Rionegro,V. Barro Blanco,https://www.informeinmobiliario.com/apartamentos-venta-rionegro-v-barro-blanco/proyecto/1382,5240000000.0,71.0,2,2,No info,No info,1,No info
Allegra,Apartamentos,Rionegro,V. Barro Blanco,https://www.informeinmobiliario.com/apartamentos-venta-rionegro-v-barro-blanco/proyecto/1382,52400000000.0,80.0,2,2,No info,No info,1,No info
Allegra,Apartamentos,Rionegro,V. Barro Blanco,https://www.informeinmobiliario.com/apartamentos-venta-rionegro-v-barro-blanco/proyecto/1382,524000000000.0,91.0,3,3,No info,No info,2,No info
Allegra,Apartamentos,Rionegro,V. Barro Blanco,https://www.informeinmobiliario.com/apartamentos-venta-rionegro-v-barro-blanco/proyecto/1382,5240000000000.0,93.0,3,3,No info,No info,1,No info
Cataluña,Lotes,La Ceja,V. El Tambo,https://www.informeinmobiliario.com/lotes-venta-la-ceja-v-el-tambo/proyecto/1270,528000000.0,1000.0,No info,No info,No info,No info,No info,No info
Cataluña,Lotes,La Ceja,V. El Tambo,https://www.informeinmobiliario.com/lotes-venta-la-ceja-v-el-tambo/proyecto/1270,5280000000.0,1900.0,No info,No info,No info,No info,No info,No info
Cataluña,Lotes,La Ceja,V. El Tambo,https://www.informeinmobiliario.com/lotes-venta-la-ceja-v-el-tambo/proyecto/1270,52800000000.0,1900.0,No info,No info,No info,No info,No info,No info
Vegas 48,Apartamentos,Envigado,Las Vegas,https://www.informeinmobiliario.com/apartamentos-venta-envigado-las-vegas/proyecto/1160,546800000.0,63.0,2,2,2025,No info,1,No info
Vegas 48,Apartamentos,Envigado,Las Vegas,https://www.informeinmobiliario.com/apartamentos-venta-envigado-las-vegas/proyecto/1160,5468000000.0,72.0,2,3,2025,No info,1,No info
Vegas 48,Apartamentos,Envigado,Las Vegas,https://www.informeinmobiliario.com/apartamentos-venta-envigado-las-vegas/proyecto/1160,54680000000.0,78.0,2,3,2025,No info,1,No info
Vegas 48,Apartamentos,Envigado,Las Vegas,https://www.informeinmobiliario.com/apartamentos-venta-envigado-las-vegas/proyecto/1160,546800000000.0,88.0,2,3,2025,No info,1,No info
Vegas 48,Apartamentos,Envigado,Las Vegas,https://www.informeinmobiliario.com/apartamentos-venta-envigado-las-vegas/proyecto/1160,5468000000000.0,94.0,2,3,2025,No info,1,No info
Vegas 48,Apartamentos,Envigado,Las Vegas,https://www.informeinmobiliario.com/apartamentos-venta-envigado-las-vegas/proyecto/1160,54680000000000.0,104.0,2,3,2025,No info,1,No info
Aqua,Apartamentos,Rionegro,V. Ojo de Agua,https://www.informeinmobiliario.com/apartamentos-venta-rionegro-v-ojo-de-agua/proyecto/795,547467800.0,66.0,2,3,No info,1,No info,No info
Aqua,Apartamentos,Rionegro,V. Ojo de Agua,https://www.informeinmobiliario.com/apartamentos-venta-rionegro-v-ojo-de-agua/proyecto/795,5474678000.0,76.0,2,3,No info,1,1,No info
Aqua,Apartamentos,Rionegro,V. Ojo de Agua,https://www.informeinmobiliario.com/apartamentos-venta-rionegro-v-ojo-de-agua/proyecto/795,54746780000.0,96.0,3,3,No info,1,1,No info
Aqua,Apartamentos,Rionegro,V. Ojo de Agua,https://www.informeinmobiliario.com/apartamentos-venta-rionegro-v-ojo-de-agua/proyecto/795,547467800000.0,96.0,3,3,No info,1,1,No info
Oliva,Apartamentos,Itagüí,Antigua fábrica Coltejer,https://www.informeinmobiliario.com/apartamentos-venta-itagui-antigua-fabrica-coltejer/proyecto/1183,485304000.0,56.0,2,3,No info,No info,No info,No info
Oliva,Apartamentos,Itagüí,Antigua fábrica Coltejer,https://www.informeinmobiliario.com/apartamentos-venta-itagui-antigua-fabrica-coltejer/proyecto/1183,4853040000.0,69.0,2,3,No info,No info,No info,No info
Oliva,Apartamentos,Itagüí,Antigua fábrica Coltejer,https://www.informeinmobiliario.com/apartamentos-venta-itagui-antigua-fabrica-coltejer/proyecto/1183,48530400000.0,74.0,2,3,No info,No info,1,No info
Oliva,Apartamentos,Itagüí,Antigua fábrica Coltejer,https://www.informeinmobiliario.com/apartamentos-venta-itagui-antigua-fabrica-coltejer/proyecto/1183,485304000000.0,83.0,2,3,No info,No info,1,No info
El Cortijo,Lotes,La Ceja,Via La Ceja - La Unión,https://www.informeinmobiliario.com/lotes-venta-la-ceja-via-la-ceja-la-union/proyecto/1466,594000000.0,1250.0,No info,No info,No info,No info,No info,No info
El Cortijo,Lotes,La Ceja,Via La Ceja - La Unión,https://www.informeinmobiliario.com/lotes-venta-la-ceja-via-la-ceja-la-union/proyecto/1466,5940000000.0,1250.0,No info,No info,No info,No info,No info,No info
Jardines del Río,Apartamentos,Medellín,Ciudad del Rio,https://www.informeinmobiliario.com/apartamentos-venta-medellin-ciudad-del-rio/proyecto/1519,557000000.0,56.0,No info,No info,No info,No info,No info,No info
Reserva San Juan,Suites,El Retiro,V. La Fe,https://www.informeinmobiliario.com/suites-venta-el-retiro-v-la-fe/proyecto/1175,664400000.0,73.0,2,1,No info,No info,No info,No info
Reserva San Juan,Suites,El Retiro,V. La Fe,https://www.informeinmobiliario.com/suites-venta-el-retiro-v-la-fe/proyecto/1175,6644000000.0,95.0,3,2,No info,No info,No info,No info
Reserva San Juan,Suites,El Retiro,V. La Fe,https://www.informeinmobiliario.com/suites-venta-el-retiro-v-la-fe/proyecto/1175,66440000000.0,119.0,2,3,No info,No info,No info,No info
Seniors Club El Vergel,Apartamentos,Envigado,Loma del Escobero,https://www.informeinmobiliario.com/apartamentos-venta-envigado-loma-del-escobero/proyecto/927,553492720.0,49.0,2,1,No info,1,No info,No info
Seniors Club El Vergel,Apartamentos,Envigado,Loma del Escobero,https://www.informeinmobiliario.com/apartamentos-venta-envigado-loma-del-escobero/proyecto/927,5534927200.0,75.0,2,2,No info,1,No info,No info
Seniors Club El Vergel,Apartamentos,Envigado,Loma del Escobero,https://www.informeinmobiliario.com/apartamentos-venta-envigado-loma-del-escobero/proyecto/927,55349272000.0,100.0,3,2,No info,1,No info,No info
Seniors Club El Vergel,Apartamentos,Envigado,Loma del Escobero,https://www.informeinmobiliario.com/apartamentos-venta-envigado-loma-del-escobero/proyecto/927,553492720000.0,107.0,3,2,No info,1,No info,No info
El Jordán,Lotes,La Ceja,,https://www.informeinmobiliario.com/lotes-venta-la-ceja/proyecto/1439,649000000.0,1084.0,No info,No info,No info,No info,No info,No info
El Jordán,Lotes,La Ceja,,https://www.informeinmobiliario.com/lotes-venta-la-ceja/proyecto/1439,6490000000.0,1270.0,No info,No info,No info,No info,No info,No info
El Jordán,Lotes,La Ceja,,https://www.informeinmobiliario.com/lotes-venta-la-ceja/proyecto/1439,64900000000.0,1270.0,No info,No info,No info,No info,No info,No info
Linz Living,Apartamentos,Envigado,Cumbres,https://www.informeinmobiliario.com/apartamentos-venta-envigado-cumbres/proyecto/1497,668550000.0,89.0,3,2,No info,No info,1,No info
Linz Living,Apartamentos,Envigado,Cumbres,https://www.informeinmobiliario.com/apartamentos-venta-envigado-cumbres/proyecto/1497,6685500000.0,92.0,3,2,No info,No info,1,No info
Linz Living,Apartamentos,Envigado,Cumbres,https://www.informeinmobiliario.com/apartamentos-venta-envigado-cumbres/proyecto/1497,66855000000.0,106.0,3,3,No info,No info,1,No info
Linz Living,Apartamentos,Envigado,Cumbres,https://www.informeinmobiliario.com/apartamentos-venta-envigado-cumbres/proyecto/1497,668550000000.0,132.0,4,3,No info,No info,1,No info
Le Mont Comercio,Oficinas,Envigado,Alto de las Palmas,https://www.informeinmobiliario.com/oficinas-venta-envigado-alto-de-las-palmas/proyecto/1526,801762500.0,87.0,No info,No info,No info,1,No info,No info
Le Mont Comercio,Oficinas,Envigado,Alto de las Palmas,https://www.informeinmobiliario.com/oficinas-venta-envigado-alto-de-las-palmas/proyecto/1526,869867000.0,103.0,No info,No info,No info,1,No info,No info
Cedro Azul,Apartamentos,Envigado,Loma de Las Brujas,https://www.informeinmobiliario.com/apartamentos-venta-envigado-loma-de-las-brujas/proyecto/600,779000000.0,90.0,2,3,No info,No info,1,No info
Cedro Azul,Apartamentos,Envigado,Loma de Las Brujas,https://www.informeinmobiliario.com/apartamentos-venta-envigado-loma-de-las-brujas/proyecto/600,7790000000.0,110.0,3,3,No info,1,1,No info
Cedro Azul,Apartamentos,Envigado,Loma de Las Brujas,https://www.informeinmobiliario.com/apartamentos-venta-envigado-loma-de-las-brujas/proyecto/600,77900000000.0,125.0,4,3,No info,1,1,No info
Cedro Azul,Apartamentos,Envigado,Loma de Las Brujas,https://www.informeinmobiliario.com/apartamentos-venta-envigado-loma-de-las-brujas/proyecto/600,779000000000.0,148.0,4,3,No info,1,1,No info
Calmo,Apartamentos,El Retiro,Vía Circunvalar,https://www.informeinmobiliario.com/apartamentos-venta-el-retiro-via-circunvalar/proyecto/1289,785190800.0,93.0,2,1,2025,2,1,No info
Calmo,Apartamentos,El Retiro,Vía Circunvalar,https://www.informeinmobiliario.com/apartamentos-venta-el-retiro-via-circunvalar/proyecto/1289,7851908000.0,95.0,3,2,2025,2,1,No info
Calmo,Apartamentos,El Retiro,Vía Circunvalar,https://www.informeinmobiliario.com/apartamentos-venta-el-retiro-via-circunvalar/proyecto/1289,78519080000.0,100.0,3,2,2025,2,1,No info
Calmo,Apartamentos,El Retiro,Vía Circunvalar,https://www.informeinmobiliario.com/apartamentos-venta-el-retiro-via-circunvalar/proyecto/1289,785190800000.0,105.0,3,2,2025,2,1,No info
Calmo,Apartamentos,El Retiro,Vía Circunvalar,https://www.informeinmobiliario.com/apartamentos-venta-el-retiro-via-circunvalar/proyecto/1289,7851908000000.0,105.0,3,2,2025,2,1,No info
Bosques del Alto,Lotes,Envigado,Alto de las Palmas,https://www.informeinmobiliario.com/lotes-venta-envigado-alto-de-las-palmas/proyecto/1520,770000000.0,658.0,No info,No info,No info,No info,No info,No info
Bosques del Alto,Lotes,Envigado,Alto de las Palmas,https://www.informeinmobiliario.com/lotes-venta-envigado-alto-de-las-palmas/proyecto/1520,7700000000.0,1516.0,No info,No info,No info,No info,No info,No info
Horizontes Territorio Campestre,Lotes,El Retiro,,https://www.informeinmobiliario.com/lotes-venta-el-retiro/proyecto/814,750000000.0,1886.0,No info,No info,No info,No info,No info,No info
Horizontes Territorio Campestre,Lotes,El Retiro,,https://www.informeinmobiliario.com/lotes-venta-el-retiro/proyecto/814,7500000000.0,8329.0,No info,No info,No info,No info,No info,No info
Terramonte,Suites,Llanogrande,,https://www.informeinmobiliario.com/suites-venta-llanogrande/proyecto/1443,739713000.0,71.0,2,1,2025,1,1,No info
Terramonte,Suites,Llanogrande,,https://www.informeinmobiliario.com/suites-venta-llanogrande/proyecto/1443,7397130000.0,97.0,3,2,2025,1,1,No info
Crista,Apartamentos,Medellín,Estadio,https://www.informeinmobiliario.com/apartamentos-venta-medellin-estadio/proyecto/1100,676508000.0,75.0,2,3,No info,1,No info,No info
Crista,Apartamentos,Medellín,Estadio,https://www.informeinmobiliario.com/apartamentos-venta-medellin-estadio/proyecto/1100,6765080000.0,84.0,2,3,No info,1,1,No info
Crista,Apartamentos,Medellín,Estadio,https://www.informeinmobiliario.com/apartamentos-venta-medellin-estadio/proyecto/1100,67650800000.0,88.0,3,3,No info,1,1,No info
Reserva Verdi,Aparta Suites,Rionegro,Llanogrande,https://www.informeinmobiliario.com/aparta-suites-venta-rionegro-llanogrande/proyecto/1015,943086783.0,94.0,3,2,No info,No info,No info,No info
Reserva Verdi,Aparta Suites,Rionegro,Llanogrande,https://www.informeinmobiliario.com/aparta-suites-venta-rionegro-llanogrande/proyecto/1015,9430867830.0,111.0,4,3,No info,No info,No info,No info
Reserva Verdi,Aparta Suites,Rionegro,Llanogrande,https://www.informeinmobiliario.com/aparta-suites-venta-rionegro-llanogrande/proyecto/1015,94308678300.0,139.0,5,3,No info,No info,1,No info
Reserva Verdi,Aparta Suites,Rionegro,Llanogrande,https://www.informeinmobiliario.com/aparta-suites-venta-rionegro-llanogrande/proyecto/1015,943086783000.0,173.0,5,3,2023,No info,1,No info
Selva Living & Natura,Lotes,Rionegro,V. Sajonia,https://www.informeinmobiliario.com/lotes-venta-rionegro-v-sajonia/proyecto/1464,900000000.0,1006.0,No info,No info,No info,No info,No info,No info
Tres Cantos,Apartamentos,Medellín,El Poblado,https://www.informeinmobiliario.com/apartamentos-venta-medellin-el-poblado/proyecto/180,893428000.0,75.0,2,2,2026,No info,No info,No info
Tres Cantos,Apartamentos,Medellín,El Poblado,https://www.informeinmobiliario.com/apartamentos-venta-medellin-el-poblado/proyecto/180,8934280000.0,83.0,3,2,2026,No info,No info,No info
Tres Cantos,Apartamentos,Medellín,El Poblado,https://www.informeinmobiliario.com/apartamentos-venta-medellin-el-poblado/proyecto/180,89342800000.0,91.0,2,3,2026,No info,1,No info
Tres Cantos,Apartamentos,Medellín,El Poblado,https://www.informeinmobiliario.com/apartamentos-venta-medellin-el-poblado/proyecto/180,893428000000.0,103.0,2,3,2026,No info,1,No info
Essenza,Lotes,Rionegro,V. El Tablazo,https://www.informeinmobiliario.com/lotes-venta-rionegro-v-el-tablazo/proyecto/869,900000000.0,2000.0,No info,No info,No info,No info,No info,No info
Amici,Apartamentos,Medellín,El Poblado,https://www.informeinmobiliario.com/apartamentos-venta-medellin-el-poblado/proyecto/1287,1247640466.0,110.0,3,2,2025,No info,1,No info
Contree Castropol,Apartamentos,Medellín,Castropol,https://www.informeinmobiliario.com/apartamentos-venta-medellin-castropol/proyecto/1124,1186000000.0,85.0,3,2,No info,1,No info,No info
Amici,Apartamentos,Medellín,El Poblado,https://www.informeinmobiliario.com/apartamentos-venta-medellin-el-poblado/proyecto/1287,12476404660.0,123.0,3,3,2025,No info,1,No info
Amici,Apartamentos,Medellín,El Poblado,https://www.informeinmobiliario.com/apartamentos-venta-medellin-el-poblado/proyecto/1287,124764046600.0,144.0,4,3,2025,No info,1,No info
Contree Castropol,Apartamentos,Medellín,Castropol,https://www.informeinmobiliario.com/apartamentos-venta-medellin-castropol/proyecto/1124,11860000000.0,109.0,4,3,No info,1,No info,No info
Contree Castropol,Apartamentos,Medellín,Castropol,https://www.informeinmobiliario.com/apartamentos-venta-medellin-castropol/proyecto/1124,118600000000.0,174.0,5,4,No info,1,1,No info
Aosta,Casas,El Retiro,Pantanillo,https://www.informeinmobiliario.com/casas-venta-el-retiro-pantanillo/proyecto/1444,1024000000.0,98.0,2,2,2026,1,No info,No info
Aosta,Casas,El Retiro,Pantanillo,https://www.informeinmobiliario.com/casas-venta-el-retiro-pantanillo/proyecto/1444,10240000000.0,125.0,3,2,2026,1,No info,No info
Mazanti,Apartamentos,Medellín,El Poblado,https://www.informeinmobiliario.com/apartamentos-venta-medellin-el-poblado/proyecto/679,999244000.0,104.0,3,2,2024,No info,1,No info
Mazanti,Apartamentos,Medellín,El Poblado,https://www.informeinmobiliario.com/apartamentos-venta-medellin-el-poblado/proyecto/679,9992440000.0,121.0,3,3,2024,No info,1,No info
Mazanti,Apartamentos,Medellín,El Poblado,https://www.informeinmobiliario.com/apartamentos-venta-medellin-el-poblado/proyecto/679,99924400000.0,138.0,4,3,2024,No info,1,No info
Mazanti,Apartamentos,Medellín,El Poblado,https://www.informeinmobiliario.com/apartamentos-venta-medellin-el-poblado/proyecto/679,999244000000.0,138.0,4,3,2024,No info,1,No info
Loira,Casas,Envigado,San Lucas,https://www.informeinmobiliario.com/casas-venta-envigado-san-lucas/proyecto/689,1533000000.0,167.0,5,4,No info,1,1,No info
Loira,Casas,Envigado,San Lucas,https://www.informeinmobiliario.com/casas-venta-envigado-san-lucas/proyecto/689,1563000000.0,172.0,5,4,No info,2,1,No info
